UserID,Age,Gender,Region,Preferred_Language,Subscription_Plan,Signup_Date,Monthly_Spend_USD,Total_Watch_Hours_90,Num_Sessions_Last_30,Avg_Session_Min,Favorite_Genre,Preferred_Device,Num_Ratings,Avg_Rating,Reviews_Count,Sentiment_Score,Avg_Ad_View_Sec,Ad_Click_Rate,Implicit_Pref_Score,Top_Content_1,Top_Content_2,Top_Content_3,Last_Active_Date,Churn,Liked_Genres
200001,28,Female,India,English,Premium,12-05-2021,12.99,44.47,3,44.59,Thriller,Mobile,4,3.28,0,0.25,5.72,0.031,11.81,5606,5210,5517,03-09-2025,1,Thriller;Horror
200002,22,Female,India,Hindi,Basic,30-08-2021,3.99,23.77,6,41.1,Drama,Tablet,3,3.97,2,1,1,0.09,3.23,5092,5704,5243,11-11-2025,0,Drama;Horror
200003,45,Male,India,French,Basic,05-01-2020,3.99,10.28,5,33.56,Drama,Mobile,6,2.95,2,1,11.62,0.02,2.01,5420,5300,5630,05-11-2025,0,Drama;Horror
200004,36,Female,USA,Hindi,Basic,08-11-2024,3.99,52.38,8,35.34,Thriller,Mobile,4,3.88,4,1,17.39,0.152,6.97,5081,5124,5172,21-10-2025,0,Thriller;Romance
200005,30,Female,USA,English,Standard,08-01-2023,7.99,4.64,3,45.89,Thriller,Mobile,5,4.12,4,-0.2,10.81,0.074,1.23,5341,5796,5655,30-10-2025,0,Thriller;Drama
200006,45,Male,India,Hindi,Basic,25-04-2025,3.99,49.09,5,33.86,Comedy,Mobile,4,4.39,1,1,3.78,0.049,8.52,5421,5292,5835,22-10-2025,0,Comedy;Kids
200007,24,Male,India,English,Basic,21-10-2022,3.99,72.5,5,35.15,Comedy,TV,7,2.96,4,-0.24,6.57,0.069,13.73,5228,5421,5769,31-10-2025,0,Comedy;Horror
200008,28,Other,India,Spanish,Standard,21-11-2022,7.99,16.91,3,29,Drama,Mobile,9,4.59,0,-0.79,4.92,0.147,4.25,5895,5895,5920,11-11-2025,0,Drama;Horror
200009,34,Female,USA,Hindi,Basic,27-06-2021,3.99,112.78,6,39.31,Comedy,Mobile,6,4.82,2,0.27,8.33,0.036,18.49,5473,5812,5460,08-10-2025,0,Comedy;Horror
200010,20,Male,India,English,Premium,04-05-2024,12.99,34.06,10,38.5,Horror,Mobile,5,4.05,3,1,5.04,0.129,2.99,5088,5050,5365,17-10-2025,0,Horror;Documentary
200011,28,Female,Australia,Hindi,Basic,15-07-2021,3.99,30.63,6,44.01,Kids,TV,2,3.18,2,0.6,12.88,0.007,3.56,5350,5986,5830,10-11-2025,0,Kids;Comedy
200012,36,Male,India,Hindi,Basic,27-02-2022,3.99,7.08,6,29.21,Comedy,Mobile,7,3.6,3,0.16,8.71,0.201,1.18,5640,5881,5078,10-11-2025,0,Comedy;Kids
200013,36,Male,USA,English,Basic,03-08-2023,3.99,34.91,4,30.42,Thriller,Mobile,2,3.77,2,0.37,15.8,0.059,7.6,5810,5183,5569,04-11-2025,0,Thriller;Horror
200014,30,Male,India,Hindi,Standard,25-07-2020,7.99,77.51,9,42.92,Kids,Mobile,5,3.96,4,0.52,6.14,0.006,7.78,5190,5247,5490,28-10-2025,0,Kids;Documentary
200015,24,Male,India,English,Free,29-08-2023,0,8.63,4,37.52,Drama,Mobile,5,3.81,3,0.29,13.53,0.006,2.03,5867,5088,5532,07-11-2025,0,Drama;Horror
200016,22,Male,UK,Hindi,Basic,30-10-2023,3.99,45.45,4,25.94,Romance,Mobile,4,3.97,3,0.02,11.77,0.16,10.5,5981,5650,5954,10-11-2025,0,Romance;Horror
200017,30,Male,USA,Telugu,Premium,09-03-2022,12.99,95.26,6,48.07,Kids,TV,2,3.75,2,-0.24,14.38,0.017,11.48,5646,5550,5526,04-11-2025,0,Kids;Comedy
200018,30,Female,Australia,Telugu,Free,11-07-2022,0,45.95,1,18.02,Drama,TV,11,3.96,1,0.27,15.22,0.107,24.12,5981,5561,5206,08-09-2025,1,Drama;Documentary
200019,20,Male,India,Hindi,Standard,11-10-2020,7.99,53.11,6,42.84,Drama,Desktop,5,3.52,7,0.13,15.86,0.053,7.7,5136,5072,5749,07-11-2025,0,Drama;Drama
200020,26,Male,India,Hindi,Standard,09-10-2023,7.99,125.23,10,22.35,Horror,Mobile,8,3.6,1,0.2,16.98,0.053,12.64,5325,5770,5693,01-11-2025,0,Horror;Documentary
200021,24,Female,UK,English,Basic,09-09-2025,3.99,11.85,8,53.86,Thriller,Mobile,10,3.45,0,0.83,15.25,0.041,1.21,5040,5556,5291,21-10-2025,0,Thriller;Romance
200022,19,Male,USA,Tamil,Standard,16-09-2021,7.99,71.5,7,19.55,Drama,Mobile,10,4.95,0,0.05,13.79,0.151,7.18,5650,5291,5958,03-11-2025,0,Drama;Documentary
200023,30,Female,India,English,Basic,14-12-2020,3.99,20.35,2,46.52,Comedy,Tablet,5,4.68,2,0.08,8,0.153,5.93,5287,5504,5701,31-10-2025,0,Comedy;Horror
200024,40,Male,India,English,Standard,18-08-2022,7.99,68.05,2,34.18,Thriller,Mobile,2,4.13,0,0.31,17.1,0.014,20.06,5256,5628,5504,01-11-2025,0,Thriller;Documentary
200025,50,Male,India,English,Basic,03-04-2025,3.99,41.67,9,31.33,Action,TV,7,4.6,3,1,7.82,0.171,3.82,5798,5661,5659,03-11-2025,0,Action;Kids
200026,26,Male,Canada,English,Standard,09-08-2020,7.99,27.41,9,36.85,Romance,Mobile,7,4.28,1,-0.46,10.25,0.065,2.6,5947,5313,5852,08-11-2025,0,Romance;Horror
200027,19,Male,India,Hindi,Free,09-01-2023,0,25.04,8,41.32,Horror,Mobile,10,3.91,2,0.86,6.83,0.103,3.01,5597,5859,5554,07-11-2025,0,Horror;Kids
200028,40,Male,India,English,Standard,06-08-2022,7.99,26.82,10,25.96,Comedy,Mobile,3,2.9,1,0.02,6.71,0.131,2.02,5420,5791,5428,08-11-2025,0,Comedy;Horror
200029,24,Male,India,Tamil,Basic,02-10-2022,3.99,127.99,3,26.84,Thriller,Mobile,7,3.64,2,0.16,10.1,0.004,31.83,5829,5288,5471,18-10-2025,0,Thriller;Comedy
200030,18,Male,India,English,Basic,08-02-2020,3.99,61.55,8,41.5,Thriller,Desktop,6,3.6,2,-0.59,10.6,0,6.84,5539,5730,5866,25-10-2025,0,Thriller;Comedy
200031,40,Male,India,English,Basic,04-07-2021,3.99,129.82,8,17.93,Comedy,Tablet,2,3.12,4,1,7.12,0.031,15.09,5742,5508,5513,03-11-2025,0,Comedy;Documentary
200032,34,Male,India,Hindi,Basic,03-03-2023,3.99,17.26,8,29.16,Drama,Mobile,2,2.91,1,0.33,12.13,0.298,1.77,5291,5071,5324,18-10-2025,0,Drama;Romance
200033,26,Male,India,English,Standard,16-02-2024,7.99,9.04,5,65.41,Horror,Mobile,3,4.1,2,0.6,12.94,0.025,1.36,5316,5161,5616,21-10-2025,0,Horror;Comedy
200034,45,Male,UAE,English,Basic,04-12-2020,3.99,49.71,4,25.32,Documentary,Desktop,4,3.99,2,-0.7,8.73,0.011,9.88,5800,5785,5255,16-10-2025,0,Documentary;Kids
200035,40,Female,India,Hindi,Premium,10-08-2022,12.99,90.95,7,46.48,Thriller,TV,2,3.1,3,-0.19,25.74,0.089,12.09,5858,5127,5721,09-11-2025,0,Thriller;Romance
200036,32,Female,India,English,Premium,09-03-2023,12.99,115.9,6,29.14,Action,Mobile,9,3.35,0,0.45,14,0.009,13.54,5132,5456,5730,30-10-2025,0,Action;Comedy
200037,18,Male,Canada,Telugu,Standard,07-07-2021,7.99,90.54,7,40.09,Drama,Mobile,7,4.5,3,0.1,12.71,0.023,10.38,5603,5682,5590,02-11-2025,0,Drama;Drama
200038,36,Female,USA,English,Free,17-07-2024,0,86.64,0,41.54,Thriller,Mobile,8,3.27,3,0.47,7.94,0.032,96.6,5868,5529,5942,29-10-2025,0,Thriller;Romance
200039,36,Female,India,English,Basic,29-08-2024,3.99,64.23,4,46.29,Action,Mobile,3,3.9,1,1,12.83,0.102,12.76,5741,5304,5051,09-09-2025,1,Action;Horror
200040,34,Male,India,Tamil,Standard,23-09-2021,7.99,20.43,2,33,Thriller,Mobile,7,3.69,2,0.5,13.44,0.121,8.04,5539,5490,5800,31-10-2025,0,Thriller;Drama
200041,40,Female,India,English,Basic,04-03-2020,3.99,9.71,6,54.89,Horror,Mobile,3,4.1,1,-0.07,11.98,0.009,1.59,5303,5239,5100,06-11-2025,0,Horror;Drama
200042,40,Female,USA,English,Free,12-07-2021,0,91.09,2,29.11,Action,Mobile,10,3.29,0,-0.19,20.51,0.038,28.47,5902,5176,5724,25-10-2025,0,Action;Horror
200043,50,Male,Australia,English,Standard,29-12-2022,7.99,53.46,8,37.34,Comedy,Mobile,4,3.85,3,-0.26,1.79,0.114,6.48,5978,5210,5464,27-10-2025,0,Comedy;Comedy
200044,50,Male,USA,English,Standard,25-01-2022,7.99,134.14,1,37.45,Romance,Mobile,7,3.9,3,-0.06,9.72,0.066,61.02,5282,5996,5499,09-11-2025,0,Romance;Kids
200045,50,Female,USA,Telugu,Standard,29-07-2024,7.99,25.58,7,23.78,Drama,Desktop,2,3.94,0,-0.03,16.28,0.072,2.78,5492,5569,5915,10-09-2025,1,Drama;Romance
200046,20,Female,UK,English,Free,21-06-2022,0,43.94,0,32.14,Comedy,TV,2,3.85,2,0.27,6.62,0.057,50.64,5280,5359,5237,30-10-2025,0,Comedy;Thriller
200047,40,Male,India,Tamil,Standard,14-06-2024,7.99,25.3,6,36.62,Comedy,Mobile,5,4.01,2,0.52,2.72,0.074,3.4,5500,5189,5807,04-11-2025,0,Comedy;Drama
200048,28,Male,India,Spanish,Basic,23-07-2022,3.99,1.93,6,30.68,Thriller,Desktop,10,5,5,0.46,8.89,0.002,0.24,5199,5509,5472,03-11-2025,0,Thriller;Kids
200049,22,Male,USA,English,Basic,03-04-2022,3.99,83.78,8,59.41,Romance,Desktop,6,5,2,0.28,18.26,0.15,11.04,5375,5556,5398,29-10-2025,0,Romance;Horror
200050,32,Male,Canada,Spanish,Premium,24-03-2020,12.99,22.15,5,26.61,Thriller,Mobile,4,3.42,0,0.32,6.76,0.016,3,5300,5919,5157,23-10-2025,0,Thriller;Drama
200051,20,Female,India,English,Basic,25-06-2023,3.99,10.73,8,46.79,Romance,Mobile,1,2.41,0,1,9.86,0.066,1.13,5910,5972,5298,09-11-2025,0,Romance;Drama
200052,24,Male,USA,French,Basic,22-08-2023,3.99,34.71,5,43.56,Thriller,TV,8,4.16,2,-0.23,14.53,0.187,4.72,5909,5634,5014,03-11-2025,0,Thriller;Comedy
200053,20,Male,India,English,Free,02-03-2025,0,24.7,7,34.86,Comedy,Desktop,5,3.91,2,0.18,8.52,0.072,3.09,5666,5983,5116,25-10-2025,0,Comedy;Comedy
200054,28,Female,India,Hindi,Premium,05-11-2023,12.99,84.83,5,26.35,Romance,Tablet,3,4.44,2,-0.87,9.36,0.071,13.58,5299,5821,5139,22-10-2025,0,Romance;Drama
200055,24,Male,India,English,Standard,15-05-2022,7.99,71.82,8,27.32,Drama,Desktop,4,3.97,3,-0.03,8.09,0.035,8.68,5555,5033,5075,08-11-2025,0,Drama;Horror
200056,32,Male,India,English,Standard,16-09-2022,7.99,25.43,2,29.82,Drama,TV,3,3.84,1,-0.34,8.59,0.024,10.02,5322,5501,5815,10-11-2025,0,Drama;Kids
200057,28,Female,UK,Hindi,Standard,08-08-2020,7.99,15.3,3,17.14,Thriller,Mobile,3,4.48,1,-0.24,5.02,0.406,3.86,5110,5312,5360,09-11-2025,0,Thriller;Documentary
200058,19,Female,India,Hindi,Free,05-02-2025,0,63.96,0,24.97,Comedy,Mobile,4,4.56,2,-0.51,10.46,0.178,58.47,5623,5540,5024,13-10-2025,0,Comedy;Comedy
200059,22,Female,USA,English,Basic,25-01-2020,3.99,69.54,6,20.18,Drama,Mobile,4,2.97,1,-0.61,18.39,0.071,11.41,5471,5151,5406,05-11-2025,0,Drama;Comedy
200060,32,Female,UK,English,Basic,10-10-2024,3.99,12.17,9,48.46,Action,Mobile,5,3.31,2,0.27,21.5,0.055,1.27,5412,5575,5689,06-11-2025,0,Action;Comedy
200061,40,Male,Canada,Hindi,Free,29-12-2021,0,5.28,3,41.18,Thriller,TV,3,3.74,4,0.63,19.5,0.051,1.35,5513,5519,5951,12-09-2025,1,Thriller;Action
200062,50,Male,India,Hindi,Basic,24-03-2023,3.99,27.68,0,42.86,Thriller,Mobile,6,3.86,4,-0.26,12.83,0.008,24.23,5480,5111,5567,12-09-2025,1,Thriller;Romance
200063,19,Female,India,French,Premium,14-12-2022,12.99,18.95,11,40.89,Horror,TV,4,3.66,1,-1,21.95,0.042,1.29,5140,5642,5725,31-10-2025,0,Horror;Kids
200064,34,Male,India,Tamil,Free,04-01-2025,0,18.79,1,36.67,Thriller,Mobile,6,4.06,3,0.27,25.82,0.03,9.25,5878,5961,5326,03-11-2025,0,Thriller;Comedy
200065,32,Male,Australia,French,Basic,20-05-2020,3.99,66.42,11,49.61,Documentary,Mobile,6,4.4,1,0.48,13.09,0.013,5.6,5690,5132,5334,03-11-2025,0,Documentary;Action
200066,34,Male,Canada,Hindi,Basic,06-10-2024,3.99,33.32,5,28.89,Drama,Mobile,5,4.83,2,0.6,6.06,0.057,4.72,5949,5520,5329,10-11-2025,0,Drama;Action
200067,24,Male,India,English,Basic,09-01-2021,3.99,84.71,5,36.07,Thriller,Mobile,7,4.15,2,-0.41,19.87,0.239,11.63,5504,5894,5675,07-11-2025,0,Thriller;Comedy
200068,19,Male,UAE,English,Premium,22-07-2025,12.99,52.78,4,42.47,Documentary,TV,5,3.29,3,-0.16,4.78,0.256,9.36,5060,5305,5300,26-10-2025,0,Documentary;Kids
200069,22,Male,India,Tamil,Basic,17-02-2022,3.99,80.78,10,21.79,Action,TV,6,3.71,1,-0.47,6.68,0.161,6.06,5183,5029,5676,10-11-2025,0,Action;Documentary
200070,40,Male,USA,Hindi,Basic,08-08-2022,3.99,25.64,5,65.97,Romance,Tablet,4,3.75,2,-0.24,1,0.004,3.51,5419,5850,5089,21-10-2025,0,Romance;Action
200071,40,Male,India,English,Standard,29-01-2020,7.99,2.51,4,35.29,Comedy,Mobile,8,4.11,2,-0.27,16.36,0.028,0.49,5957,5823,5015,10-11-2025,0,Comedy;Thriller
200072,28,Female,UK,English,Free,27-10-2022,0,35.35,1,36.42,Drama,Mobile,11,4.03,2,-0.11,1,0.09,19.87,5794,5933,5301,10-11-2025,0,Drama;Action
200073,40,Female,India,French,Basic,09-06-2021,3.99,4.6,4,47.57,Thriller,Mobile,6,5,1,0.05,17.96,0.207,0.98,5927,5351,5634,05-11-2025,0,Thriller;Romance
200074,45,Female,UAE,Hindi,Basic,28-02-2020,3.99,22.52,7,44.15,Comedy,Mobile,3,3.52,0,0.27,22.86,0.012,3.02,5825,5518,5318,13-10-2025,0,Comedy;Action
200075,30,Female,UK,English,Standard,12-09-2020,7.99,51.86,3,35.38,Documentary,Desktop,4,4.03,1,-0.31,22.37,0.171,11.73,5908,5492,5860,08-11-2025,0,Documentary;Comedy
200076,20,Female,UK,English,Premium,03-09-2021,12.99,77.78,4,36.3,Drama,TV,8,5,2,0.12,4.41,0.006,12.51,5733,5408,5178,01-11-2025,0,Drama;Kids
200077,50,Male,India,English,Standard,28-01-2021,7.99,78.94,10,19.96,Horror,Desktop,6,3.45,1,-0.34,1,0.001,7.03,5901,5508,5462,03-11-2025,0,Horror;Documentary
200078,18,Female,India,English,Basic,10-01-2022,3.99,7.54,4,29.44,Horror,Mobile,5,3.89,3,-0.85,8.15,0.034,1.43,5227,5624,5269,10-11-2025,0,Horror;Drama
200079,22,Female,India,English,Standard,17-12-2022,7.99,21.91,8,40.17,Drama,Desktop,6,3.23,1,0.52,17.28,0.022,2.87,5391,5105,5105,09-11-2025,0,Drama;Kids
200080,19,Female,India,English,Free,22-03-2022,0,20.22,3,39.44,Comedy,Mobile,4,3.85,4,-0.2,19.22,0.065,4.19,5144,5719,5671,16-10-2025,0,Comedy;Kids
200081,30,Male,India,Tamil,Free,28-01-2025,0,39.92,1,47.21,Kids,Desktop,5,3.33,2,-0.84,15.99,0.036,22.17,5736,5552,5517,09-11-2025,0,Kids;Thriller
200082,22,Male,Canada,English,Basic,31-03-2020,3.99,45.27,9,33.79,Horror,Mobile,14,4.43,2,0.54,15.17,0.001,4.32,5564,5780,5339,01-09-2025,1,Horror;Action
200083,19,Male,USA,Telugu,Basic,28-10-2020,3.99,15.28,6,21.13,Thriller,Mobile,4,3.89,0,0.05,26.17,0.332,2.47,5593,5320,5392,09-10-2025,0,Thriller;Documentary
200084,50,Male,India,Telugu,Standard,14-02-2021,7.99,111.24,8,45.57,Comedy,Mobile,6,3.24,2,0.47,9.13,0.011,12.33,5661,5046,5141,10-11-2025,0,Comedy;Thriller
200085,26,Female,India,English,Standard,14-05-2025,7.99,11.1,5,49.36,Thriller,Desktop,2,4.3,6,0.45,7.33,0.359,2.09,5027,5241,5169,07-09-2025,1,Thriller;Kids
200086,26,Female,India,Hindi,Premium,21-01-2020,12.99,87.1,4,43.98,Action,Mobile,5,3.91,2,-0.46,4.87,0.001,17.19,5744,5270,5017,09-11-2025,0,Action;Kids
200087,34,Male,USA,English,Standard,09-07-2024,7.99,25.4,8,33.36,Comedy,Mobile,5,4.37,2,0.76,14.6,0.227,2.71,5623,5667,5544,09-11-2025,0,Comedy;Romance
200088,22,Other,India,Spanish,Standard,28-11-2020,7.99,95.01,4,45.44,Romance,Desktop,4,3.11,0,-0.9,10.92,0.052,22.53,5508,5628,5005,10-11-2025,0,Romance;Kids
200089,26,Female,Canada,English,Free,21-05-2022,0,15.72,5,69.29,Drama,Mobile,3,4.02,4,-0.04,16.95,0.142,2.48,5884,5037,5894,01-11-2025,0,Drama;Action
200090,45,Male,India,Hindi,Free,22-10-2024,0,149.2,5,36.15,Drama,Mobile,6,4.26,1,-0.08,9.3,0.063,27.9,5591,5205,5137,29-10-2025,0,Drama;Action
200091,19,Male,Australia,Hindi,Standard,25-08-2022,7.99,68.96,6,21.88,Comedy,Mobile,5,3.55,1,-0.27,15.77,0.038,8.15,5791,5761,5619,31-10-2025,0,Comedy;Thriller
200092,34,Male,UAE,English,Basic,21-12-2022,3.99,98.52,5,29.14,Comedy,Mobile,7,3.04,3,0.94,9.7,0.07,13.55,5127,5486,5162,17-10-2025,0,Comedy;Action
200093,40,Male,India,English,Standard,25-04-2020,7.99,175.22,9,41.25,Comedy,Desktop,8,3.78,2,0.38,11.02,0.033,17.09,5456,5110,5769,10-11-2025,0,Comedy;Horror
200094,19,Male,Canada,Hindi,Free,25-10-2021,0,21.08,5,18.95,Thriller,TV,6,4.54,4,-0.64,11.59,0.023,3.63,5281,5486,5680,08-11-2025,0,Thriller;Kids
200095,34,Male,India,Tamil,Free,29-01-2024,0,23.83,8,36.69,Comedy,Mobile,5,4.48,1,-0.56,1.8,0.026,2.76,5395,5318,5463,07-11-2025,0,Comedy;Action
200096,50,Male,UAE,English,Basic,28-12-2022,3.99,92.03,4,38.8,Drama,Tablet,8,3.54,1,1,11.16,0.034,14.99,5319,5835,5438,09-11-2025,0,Drama;Drama
200097,22,Male,India,Hindi,Basic,02-03-2025,3.99,40.02,2,50.35,Comedy,Mobile,9,3.03,4,-0.09,15.37,0.061,14.39,5441,5592,5382,10-11-2025,0,Comedy;Thriller
200098,50,Female,UAE,English,Free,10-02-2024,0,10.29,7,48.1,Horror,Mobile,3,3.54,4,-0.28,6.07,0.024,1.1,5341,5076,5800,05-11-2025,0,Horror;Comedy
200099,30,Male,UAE,Hindi,Standard,24-12-2024,7.99,9.66,10,43.65,Comedy,Mobile,5,3.52,5,0.89,23.46,0.105,1.04,5694,5782,5382,25-10-2025,0,Comedy;Horror
200100,50,Female,UAE,English,Free,29-06-2023,0,31.02,5,13.37,Thriller,Mobile,2,4.07,1,-0.87,12.03,0.017,4.83,5119,5610,5482,12-10-2025,0,Thriller;Kids
200101,28,Male,UK,Spanish,Standard,21-02-2021,7.99,32.32,3,44.21,Thriller,Mobile,6,3.74,0,1,8.24,0.009,7.31,5778,5498,5355,10-11-2025,0,Thriller;Comedy
200102,40,Other,India,English,Basic,15-12-2020,3.99,65.98,6,42.06,Horror,Desktop,9,3.35,4,-0.28,8.06,0.114,8.64,5690,5479,5245,26-08-2025,1,Horror;Romance
200103,32,Male,India,English,Free,04-02-2021,0,18.04,5,37.56,Drama,TV,5,4.46,2,0.51,20.22,0.012,3.53,5713,5935,5625,25-10-2025,0,Drama;Drama
200104,50,Male,India,English,Basic,05-04-2023,3.99,121.4,9,17.7,Action,Mobile,7,3.88,1,-0.09,7.05,0.007,12.06,5368,5389,5690,07-11-2025,0,Action;Thriller
200105,30,Female,India,English,Standard,03-07-2021,7.99,23.45,4,27.23,Romance,Mobile,7,4.06,4,-0.74,13.79,0.196,4.57,5385,5588,5955,10-11-2025,0,Romance;Thriller
200106,24,Female,USA,Hindi,Basic,25-03-2020,3.99,11.19,8,23.33,Action,TV,3,2.77,0,0.31,17.3,0.105,1.28,5510,5794,5476,26-09-2025,0,Action;Drama
200107,45,Female,India,English,Standard,24-08-2023,7.99,47.11,10,14.85,Drama,Desktop,5,2.35,3,0.77,15.33,0.155,5.02,5982,5593,5465,01-11-2025,0,Drama;Drama
200108,19,Male,Australia,Telugu,Free,22-06-2024,0,43.22,7,34.97,Action,Desktop,5,2.94,1,-1,8.62,0.025,4.99,5582,5364,5190,02-10-2025,0,Action;Romance
200109,24,Male,USA,English,Standard,31-01-2022,7.99,98.06,8,27.02,Drama,Mobile,4,3.51,2,-0.49,17.04,0.174,9.5,5158,5309,5494,05-11-2025,0,Drama;Comedy
200110,30,Female,UAE,English,Basic,06-07-2021,3.99,40.08,7,61.25,Action,TV,5,4.15,1,0.94,12.93,0.03,5.2,5823,5063,5523,06-11-2025,0,Action;Documentary
200111,34,Female,India,English,Standard,09-09-2025,7.99,176.83,6,33.31,Romance,Mobile,4,2.39,4,0.44,1.68,0.113,25.18,5610,5267,5535,09-11-2025,0,Romance;Thriller
200112,32,Female,UAE,English,Standard,27-05-2025,7.99,51.42,7,47.94,Drama,Mobile,8,4.76,1,0.48,19.34,0.008,5.3,5717,5033,5631,01-10-2025,0,Drama;Documentary
200113,40,Female,Canada,English,Premium,09-03-2023,12.99,52.9,8,19.31,Documentary,Mobile,7,3.9,4,0.76,8.32,0.257,5.93,5086,5809,5282,09-11-2025,0,Documentary;Horror
200114,40,Male,India,English,Basic,10-11-2025,3.99,49.78,4,29.7,Drama,Mobile,6,4.62,0,0.48,10.95,0.043,10.2,5902,5040,5831,11-11-2025,0,Drama;Drama
200115,40,Female,USA,English,Free,16-03-2022,0,9.19,5,35.97,Documentary,Mobile,7,3.27,3,0.29,13.86,0.103,1.65,5361,5686,5430,04-11-2025,0,Documentary;Thriller
200116,45,Male,UK,English,Free,28-04-2022,0,56.23,13,25.92,Thriller,Mobile,10,4.1,1,0.87,8.81,0.033,4.81,5792,5260,5581,07-11-2025,0,Thriller;Comedy
200117,32,Male,India,Hindi,Standard,24-12-2022,7.99,126.77,2,30.78,Drama,Mobile,4,3.85,2,-0.03,16.54,0.003,40.93,5085,5736,5858,08-11-2025,0,Drama;Thriller
200118,45,Male,India,Hindi,Standard,02-11-2025,7.99,60.19,8,32.82,Drama,TV,9,4.29,0,0.19,5.38,0.039,6.72,5359,5735,5646,01-11-2025,0,Drama;Documentary
200119,45,Female,India,English,Standard,15-09-2023,7.99,22,8,32.66,Horror,Mobile,9,3.66,1,0.7,8.55,0.003,2.03,5727,5267,5253,07-11-2025,0,Horror;Thriller
200120,18,Male,India,English,Basic,03-08-2023,3.99,45.35,3,53.55,Drama,Mobile,9,4.08,2,-0.26,19.35,0.167,12.84,5133,5977,5563,07-09-2025,1,Drama;Drama
200121,32,Male,India,French,Basic,04-04-2024,3.99,122.16,5,38.78,Drama,Mobile,3,4.46,1,1,12.15,0.025,17.09,5903,5667,5043,11-11-2025,0,Drama;Drama
200122,28,Female,India,Hindi,Free,20-06-2022,0,40.27,2,39.8,Comedy,Tablet,3,3.41,1,0.37,5.66,0.209,15.75,5387,5776,5482,03-11-2025,0,Comedy;Drama
200123,32,Male,India,Hindi,Premium,18-04-2021,12.99,122.75,4,40.4,Action,Mobile,8,3.95,1,-0.49,12.47,0.033,23.06,5247,5661,5938,10-11-2025,0,Action;Comedy
200124,30,Female,India,English,Standard,24-04-2022,7.99,107.39,3,41.13,Thriller,Mobile,6,2.67,2,0.08,14.41,0.023,25.1,5141,5225,5141,09-11-2025,0,Thriller;Kids
200125,18,Male,Australia,Tamil,Premium,31-07-2020,12.99,23.06,4,34.17,Drama,Mobile,9,4.22,1,-0.63,2.48,0.098,4.3,5950,5383,5511,30-10-2025,0,Drama;Kids
200126,40,Male,India,Tamil,Basic,25-02-2025,3.99,31.81,6,31.79,Comedy,Desktop,2,4.97,0,0.25,21.93,0.034,5.36,5447,5498,5537,08-11-2025,0,Comedy;Kids
200127,30,Female,Australia,Hindi,Standard,09-12-2021,7.99,88.61,11,36.67,Drama,Tablet,6,3.05,3,-0.03,22.74,0.049,8.8,5076,5639,5898,10-11-2025,0,Drama;Action
200128,30,Male,India,French,Standard,17-06-2024,7.99,12.91,4,46.57,Drama,Mobile,2,3.75,2,-0.32,12.72,0.03,3.07,5902,5005,5270,03-11-2025,0,Drama;Comedy
200129,36,Male,India,English,Basic,19-07-2021,3.99,86.91,6,46.26,Comedy,Mobile,9,4.33,1,-0.87,10.8,0.194,13.43,5098,5446,5913,09-11-2025,0,Comedy;Drama
200130,20,Male,India,English,Standard,07-11-2021,7.99,13.96,4,32.6,Romance,Desktop,6,3.82,2,-0.28,12.14,0.004,2.36,5975,5288,5361,08-11-2025,0,Romance;Romance
200131,18,Male,India,Tamil,Premium,22-02-2021,12.99,44.28,9,42.68,Drama,Mobile,1,3.9,1,0.09,17.36,0.193,4.23,5303,5857,5616,02-11-2025,0,Drama;Thriller
200132,30,Other,India,Telugu,Premium,03-04-2023,12.99,152.37,8,33.05,Comedy,TV,3,3.57,2,-0.02,14.72,0.038,15.5,5466,5058,5936,29-10-2025,0,Comedy;Thriller
200133,20,Male,USA,English,Standard,27-01-2025,7.99,48.21,3,35.34,Comedy,Mobile,4,3.54,0,-0.65,13.44,0.256,13.06,5055,5072,5295,29-10-2025,0,Comedy;Horror
200134,20,Female,India,English,Basic,12-11-2020,3.99,44.43,13,30.26,Horror,Mobile,4,3.75,3,0.21,20.29,0.07,3.16,5305,5667,5665,05-11-2025,0,Horror;Documentary
200135,18,Male,USA,English,Basic,19-10-2022,3.99,136.41,7,33.18,Horror,Mobile,6,3.83,2,-0.39,18.79,0.005,17.85,5953,5794,5475,05-11-2025,0,Horror;Thriller
200136,36,Female,USA,English,Premium,17-01-2021,12.99,135.19,9,48.41,Romance,Mobile,8,3.09,1,0.75,6.24,0.256,10.86,5771,5680,5816,27-10-2025,0,Romance;Kids
200137,24,Female,India,Tamil,Free,18-08-2020,0,25.19,2,35.92,Drama,TV,5,3.76,3,0.84,17.32,0.055,9.35,5534,5541,5883,09-11-2025,0,Drama;Documentary
200138,34,Female,India,Hindi,Standard,14-08-2020,7.99,109.35,10,36.35,Drama,Desktop,11,4.74,3,0.05,18.91,0.259,11.74,5035,5969,5472,10-11-2025,0,Drama;Thriller
200139,28,Male,UK,English,Standard,28-12-2020,7.99,51.33,6,20.53,Comedy,Mobile,9,3.55,2,1,13.67,0.088,7.83,5540,5082,5817,01-11-2025,0,Comedy;Romance
200140,34,Male,India,English,Standard,21-06-2023,7.99,44.28,9,31.91,Comedy,Desktop,5,3.06,2,0.12,15.59,0.002,5.05,5489,5775,5161,06-11-2025,0,Comedy;Documentary
200141,32,Male,India,English,Premium,15-06-2025,12.99,69.6,9,32.59,Thriller,Mobile,4,3.71,2,-0.58,10.16,0.017,6.9,5682,5618,5795,30-10-2025,0,Thriller;Drama
200142,40,Female,Australia,English,Basic,19-06-2022,3.99,28.48,9,26.71,Romance,Mobile,3,3.37,2,0.91,4.77,0.239,2.3,5140,5277,5045,09-11-2025,0,Romance;Action
200143,28,Female,India,Hindi,Basic,27-09-2022,3.99,21.5,11,35.22,Documentary,Mobile,12,3,3,1,23.32,0.003,2.14,5641,5976,5799,08-11-2025,0,Documentary;Kids
200144,32,Female,USA,French,Free,09-12-2021,0,18.29,2,30.71,Documentary,Desktop,5,3.88,2,0.8,3.96,0.001,5.02,5100,5963,5831,20-10-2025,0,Documentary;Thriller
200145,30,Male,Australia,Telugu,Basic,16-06-2021,3.99,23.79,5,35.8,Comedy,TV,12,3.37,1,-0.26,22.09,0.083,3.48,5990,5864,5880,06-11-2025,0,Comedy;Documentary
200146,40,Female,India,English,Basic,20-12-2024,3.99,15.93,2,36.22,Action,TV,4,3.43,2,-0.54,11.61,0.028,4.36,5373,5522,5678,03-11-2025,0,Action;Action
200147,19,Female,India,Spanish,Basic,18-08-2024,3.99,61.15,7,25.44,Comedy,Desktop,5,3.89,3,-0.01,19.48,0.249,8.03,5759,5574,5207,10-11-2025,0,Comedy;Documentary
200148,18,Male,India,Tamil,Standard,17-03-2025,7.99,93.91,5,31.01,Drama,TV,3,2.88,2,1,12.14,0.024,16.17,5023,5736,5108,10-11-2025,0,Drama;Horror
200149,28,Male,India,Tamil,Premium,07-10-2020,12.99,57.54,8,35.77,Romance,Tablet,3,2.76,2,-0.51,17.62,0.029,5.65,5869,5136,5504,11-11-2025,0,Romance;Comedy
200150,28,Female,India,English,Basic,02-10-2023,3.99,143.3,5,46.84,Drama,TV,5,4.2,2,0.69,14.69,0.27,28.25,5284,5736,5936,06-11-2025,0,Drama;Comedy
200151,50,Female,USA,English,Basic,19-04-2024,3.99,95.08,6,37.57,Comedy,Desktop,3,2.64,3,0.14,7.98,0.1,15.83,5113,5114,5442,27-09-2025,0,Comedy;Kids
200152,30,Female,India,English,Premium,18-10-2022,12.99,108.44,5,28.38,Comedy,Mobile,8,3.21,2,0.77,12.8,0.02,16.48,5373,5772,5065,22-10-2025,0,Comedy;Thriller
200153,24,Male,India,English,Free,11-10-2025,0,51.16,0,38.99,Action,Mobile,6,2.72,4,-0.56,11.14,0.233,54.41,5197,5157,5267,01-11-2025,0,Action;Horror
200154,20,Female,Australia,English,Free,06-06-2020,0,7.8,5,52.08,Romance,Mobile,4,3.51,2,0.05,15.86,0.152,1.48,5164,5396,5399,24-08-2025,1,Romance;Drama
200155,40,Male,UAE,English,Free,01-06-2023,0,62.33,7,44.17,Comedy,Mobile,2,4.06,1,-0.34,12.85,0.019,7.35,5893,5229,5865,02-11-2025,0,Comedy;Romance
200156,30,Male,USA,English,Standard,01-09-2020,7.99,31.03,5,40.48,Romance,Mobile,8,3.87,2,-0.3,13.72,0.021,4.66,5822,5612,5697,07-11-2025,0,Romance;Documentary
200157,26,Male,India,Tamil,Free,11-07-2024,0,86.42,3,42.26,Comedy,Mobile,7,5,2,0.64,5.84,0.144,19.5,5431,5255,5880,11-09-2025,1,Comedy;Thriller
200158,36,Female,USA,English,Premium,01-10-2020,12.99,365.96,7,49.4,Thriller,TV,3,4.45,2,-0.47,4.33,0.056,51.61,5568,5179,5224,01-11-2025,0,Thriller;Comedy
200159,20,Female,India,English,Basic,20-01-2021,3.99,163.62,4,45.76,Romance,Mobile,3,3.24,2,0.37,12.42,0.142,32.24,5010,5787,5665,09-11-2025,0,Romance;Horror
200160,18,Female,India,French,Standard,24-07-2025,7.99,86.47,9,40.67,Action,Mobile,8,3.08,3,0.23,13.09,0.123,9.39,5645,5229,5935,06-11-2025,0,Action;Comedy
200161,20,Male,India,French,Basic,26-10-2021,3.99,68.54,1,45.69,Horror,Mobile,5,5,1,-0.37,5.69,0.043,36.33,5398,5367,5289,25-10-2025,0,Horror;Documentary
200162,24,Female,Canada,Tamil,Basic,01-02-2020,3.99,71.44,9,24.18,Drama,Tablet,6,4.44,3,-0.24,15.43,0.077,6.59,5152,5031,5285,10-11-2025,0,Drama;Documentary
200163,50,Male,India,French,Standard,17-12-2022,7.99,42.46,1,19.98,Action,Mobile,9,4.15,3,0.4,15.69,0.058,18.75,5191,5108,5186,11-09-2025,1,Action;Horror
200164,20,Female,India,Hindi,Standard,19-12-2024,7.99,82.53,6,36.57,Action,Mobile,4,3.84,3,0.18,12.94,0.083,10.03,5796,5282,5226,09-11-2025,0,Action;Horror
200165,18,Male,India,French,Standard,24-06-2021,7.99,27.04,5,35.69,Kids,TV,5,3.96,2,0.22,12.09,0.009,3.65,5277,5621,5200,03-11-2025,0,Kids;Documentary
200166,24,Male,India,English,Standard,15-11-2021,7.99,170.19,5,29.56,Drama,TV,6,2.91,3,0.06,4.4,0.01,23.61,5493,5390,5504,09-11-2025,0,Drama;Kids
200167,34,Male,UAE,English,Premium,11-03-2025,12.99,121.57,10,43.26,Romance,Mobile,7,3.89,2,0.02,4.29,0.054,9.97,5243,5541,5011,05-11-2025,0,Romance;Action
200168,28,Male,UK,English,Standard,21-06-2024,7.99,131.92,3,16.37,Thriller,Mobile,3,3.84,3,0.19,14.37,0.062,35.8,5488,5529,5909,08-11-2025,0,Thriller;Romance
200169,50,Female,UK,English,Standard,03-02-2024,7.99,58.42,4,29.65,Comedy,Mobile,4,3.26,1,1,7.03,0.333,10.07,5844,5404,5837,04-11-2025,0,Comedy;Documentary
200170,28,Female,India,English,Free,18-06-2025,0,18.89,4,30.15,Thriller,Tablet,4,3.48,1,0.52,7.45,0.187,3.81,5276,5170,5498,09-09-2025,1,Thriller;Kids
200171,36,Male,India,Hindi,Free,24-02-2024,0,8.24,8,18.64,Comedy,Mobile,1,4.71,2,0.12,13.67,0.076,0.82,5190,5878,5979,04-08-2025,1,Comedy;Horror
200172,32,Female,India,Tamil,Basic,10-11-2024,3.99,22.9,8,49.95,Thriller,Mobile,5,3.72,2,-0.45,24.23,0.02,2.56,5627,5175,5277,05-11-2025,0,Thriller;Documentary
200173,34,Male,India,Hindi,Standard,09-10-2024,7.99,50.32,7,21.41,Documentary,Mobile,4,5,3,-0.05,9.62,0.04,6.92,5864,5074,5003,29-10-2025,0,Documentary;Thriller
200174,34,Female,India,English,Basic,11-09-2020,3.99,69.02,4,29.12,Thriller,Mobile,1,2.76,3,-0.35,24.3,0.311,12.51,5307,5454,5922,30-10-2025,0,Thriller;Drama
200175,40,Female,UK,Telugu,Basic,12-02-2021,3.99,53.66,6,44.08,Action,TV,3,3.49,3,-0.28,11.54,0.119,7.2,5870,5509,5929,05-11-2025,0,Action;Action
200176,45,Female,India,Hindi,Premium,24-09-2022,12.99,86.57,6,41.46,Thriller,Mobile,7,2.87,2,-0.92,15.38,0.03,13.47,5296,5240,5862,09-11-2025,0,Thriller;Horror
200177,20,Male,India,English,Premium,20-01-2021,12.99,118.78,5,23.92,Drama,Mobile,0,3.07,1,0.19,17.76,0.13,20.16,5234,5096,5790,04-11-2025,0,Drama;Romance
200178,28,Female,India,Hindi,Premium,18-07-2025,12.99,65.39,4,41.82,Drama,Mobile,9,3.3,2,1,18.2,0.099,10.96,5341,5514,5574,31-10-2025,0,Drama;Action
200179,18,Female,India,English,Basic,26-03-2023,3.99,66.11,4,37.9,Thriller,Mobile,5,3.99,2,0.32,14.03,0.017,14.59,5593,5202,5005,05-11-2025,0,Thriller;Kids
200180,22,Male,India,English,Standard,06-09-2021,7.99,66.48,5,58.33,Comedy,Mobile,4,3.96,3,0.64,10.62,0.019,10.09,5193,5037,5915,11-11-2025,0,Comedy;Horror
200181,45,Male,Australia,Spanish,Basic,17-10-2022,3.99,45.84,7,39.04,Drama,Desktop,0,3.39,1,0.78,16.97,0.26,5.47,5883,5091,5521,11-11-2025,0,Drama;Documentary
200182,22,Female,UAE,English,Basic,28-08-2023,3.99,21.35,5,33.59,Thriller,TV,6,2.46,2,0.03,14.54,0.06,3.2,5364,5233,5570,08-11-2025,0,Thriller;Drama
200183,50,Female,Canada,English,Basic,26-11-2020,3.99,30.24,6,26.43,Comedy,Desktop,6,4.69,1,0.07,9.38,0.029,4.39,5924,5659,5280,10-11-2025,0,Comedy;Documentary
200184,24,Female,India,Spanish,Basic,15-04-2020,3.99,5.52,8,27.56,Comedy,Desktop,2,3.63,3,-0.64,20.45,0.092,0.66,5950,5809,5423,19-10-2025,0,Comedy;Horror
200185,28,Female,India,Hindi,Basic,02-10-2021,3.99,18.67,5,26.74,Thriller,TV,3,3.13,1,0.32,14.74,0.097,3.49,5258,5912,5972,10-11-2025,0,Thriller;Comedy
200186,28,Female,India,English,Standard,14-11-2024,7.99,115.98,4,48.71,Drama,Mobile,5,3.96,1,0.23,7.5,0.007,27.11,5977,5253,5238,06-11-2025,0,Drama;Kids
200187,45,Male,India,English,Free,19-02-2021,0,14.51,4,35.18,Kids,TV,7,3.92,6,-0.31,6.8,0.233,2.74,5511,5371,5317,30-10-2025,0,Kids;Documentary
200188,36,Male,UAE,English,Standard,25-07-2024,7.99,74.44,7,40.65,Documentary,Desktop,5,3.61,2,0.89,23.75,0.281,10.92,5231,5724,5127,26-10-2025,0,Documentary;Thriller
200189,45,Male,India,Hindi,Standard,06-07-2024,7.99,26.73,7,50.14,Romance,TV,5,3.89,1,-0.27,9.04,0.014,3.5,5014,5444,5304,05-11-2025,0,Romance;Thriller
200190,22,Female,India,English,Basic,22-04-2021,3.99,74.08,8,11.42,Drama,Mobile,6,3.11,2,1,16.52,0.017,7.87,5014,5441,5749,10-11-2025,0,Drama;Kids
200191,45,Male,India,English,Basic,22-03-2020,3.99,56.1,9,47.79,Romance,Mobile,3,4.26,2,0.44,14.26,0.114,6.48,5556,5996,5731,08-11-2025,0,Romance;Drama
200192,28,Female,India,French,Basic,04-06-2024,3.99,12.67,1,35.55,Romance,Desktop,5,3.2,0,0.19,16.31,0.076,6.54,5210,5064,5178,06-11-2025,0,Romance;Documentary
200193,36,Female,UK,Hindi,Standard,11-03-2020,7.99,108.16,12,39.35,Romance,TV,4,3.44,3,1,23.47,0.002,8.17,5040,5005,5830,07-11-2025,0,Romance;Thriller
200194,20,Female,India,English,Basic,14-02-2021,3.99,93.75,3,26.72,Drama,Tablet,3,4.19,2,-1,17.98,0.007,18.86,5034,5658,5490,07-11-2025,0,Drama;Thriller
200195,26,Male,India,Hindi,Free,12-04-2022,0,13.67,11,27.45,Action,Mobile,7,4.52,4,0.03,17.01,0.046,1.24,5747,5072,5437,10-11-2025,0,Action;Documentary
200196,40,Female,India,Hindi,Free,10-08-2025,0,22.86,5,39.89,Documentary,Mobile,4,4.75,3,-0.06,10.82,0.071,3.17,5833,5397,5661,18-10-2025,0,Documentary;Action
200197,19,Male,India,English,Standard,16-05-2024,7.99,22.77,3,58.85,Thriller,Mobile,7,4.43,3,0.09,8.01,0.286,5.21,5234,5617,5038,11-11-2025,0,Thriller;Drama
200198,34,Female,UK,English,Premium,02-11-2025,12.99,129.31,0,45.03,Action,TV,6,3.61,1,0.34,26.52,0.012,153.19,5786,5330,5630,06-11-2025,0,Action;Kids
200199,45,Male,Canada,Telugu,Basic,12-01-2020,3.99,40.89,12,47.66,Thriller,Mobile,4,2.88,1,0.07,11.75,0.052,2.71,5880,5548,5483,03-10-2025,0,Thriller;Horror
200200,50,Male,Canada,English,Standard,11-06-2025,7.99,56.95,4,33.08,Thriller,Mobile,4,4.64,5,1,11.36,0.019,10.53,5290,5147,5992,01-11-2025,0,Thriller;Action
200201,32,Female,UK,Hindi,Standard,07-10-2021,7.99,49.91,2,29,Drama,Tablet,3,4.62,1,0.46,13.73,0.14,19.51,5855,5415,5315,07-11-2025,0,Drama;Horror
200202,24,Male,India,English,Premium,08-04-2024,12.99,174.32,8,27.19,Action,Mobile,5,3.4,1,0.49,13.15,0.031,18.11,5433,5768,5484,10-11-2025,0,Action;Thriller
200203,26,Male,USA,English,Standard,09-04-2024,7.99,216.88,3,30.12,Drama,Desktop,4,4.35,3,0.48,21.56,0.05,50.5,5848,5740,5097,09-10-2025,0,Drama;Kids
200204,40,Female,India,English,Standard,28-04-2021,7.99,132.71,4,14.47,Thriller,Mobile,10,3.6,2,-0.57,15.24,0.037,28.11,5979,5349,5939,11-11-2025,0,Thriller;Kids
200205,40,Female,India,English,Standard,29-10-2025,7.99,102.54,4,27.75,Comedy,Desktop,8,4.7,6,0.32,4.14,0.043,17.48,5741,5365,5017,31-10-2025,0,Comedy;Documentary
200206,40,Female,UAE,English,Premium,21-05-2020,12.99,48.03,6,29.4,Thriller,Mobile,2,3.49,1,0.34,8.04,0.022,8.16,5892,5791,5837,21-10-2025,0,Thriller;Kids
200207,40,Female,India,English,Basic,10-09-2020,3.99,23.79,9,33.25,Drama,Desktop,3,4.99,4,-0.47,12.06,0.222,2.16,5951,5416,5940,11-11-2025,0,Drama;Romance
200208,22,Female,Canada,Telugu,Basic,29-02-2020,3.99,21.64,10,36.32,Action,Desktop,7,4.27,1,0.73,18.15,0.058,2.19,5318,5625,5980,30-10-2025,0,Action;Documentary
200209,50,Male,India,French,Free,20-12-2024,0,21.17,5,38.62,Romance,Mobile,4,4.88,2,-1,2.88,0.16,3.23,5640,5507,5447,07-07-2025,1,Romance;Romance
200210,50,Male,USA,Tamil,Standard,20-10-2024,7.99,39.01,6,34.85,Drama,Mobile,6,3.52,1,1,14.96,0.01,5.07,5838,5523,5279,01-11-2025,0,Drama;Action
200211,36,Male,USA,Telugu,Standard,16-06-2022,7.99,88.68,5,29.19,Drama,Mobile,4,4.04,4,0.18,16.39,0.255,12.16,5408,5706,5871,06-11-2025,0,Drama;Comedy
200212,34,Female,Canada,English,Free,08-09-2021,0,6.58,8,15.37,Drama,TV,5,3.22,0,-0.31,17.29,0.059,0.62,5721,5736,5452,22-10-2025,0,Drama;Documentary
200213,28,Female,USA,French,Standard,11-12-2024,7.99,41.22,8,29.25,Documentary,Desktop,5,4.31,1,0.57,11.52,0.026,4.62,5816,5250,5666,03-11-2025,0,Documentary;Comedy
200214,40,Male,USA,English,Basic,06-06-2021,3.99,4.98,5,25.28,Thriller,Mobile,9,4.34,2,0.58,18.3,0.026,0.86,5080,5901,5606,30-08-2025,1,Thriller;Drama
200215,32,Male,India,French,Free,14-03-2023,0,52.08,6,39.66,Thriller,TV,4,5,0,1,7.11,0.012,8.38,5807,5249,5944,03-11-2025,0,Thriller;Romance
200216,28,Female,India,French,Premium,31-03-2024,12.99,53.57,6,44.09,Drama,Mobile,1,4.09,1,1,17.67,0.124,6.31,5176,5351,5687,11-11-2025,0,Drama;Horror
200217,50,Male,India,Hindi,Basic,04-11-2024,3.99,119.89,8,44.39,Action,Desktop,4,4.23,0,-0.6,11.63,0.011,12.55,5745,5269,5814,09-11-2025,0,Action;Kids
200218,18,Female,UK,French,Free,30-10-2025,0,46.43,6,42.57,Documentary,Tablet,6,3.52,2,0.04,12.26,0.007,5.84,5838,5854,5029,12-09-2025,1,Documentary;Romance
200219,18,Female,India,Hindi,Standard,13-01-2020,7.99,7.15,6,33.66,Documentary,Mobile,3,4.12,2,-0.35,12.19,0.013,0.96,5848,5448,5546,10-11-2025,0,Documentary;Action
200220,32,Female,USA,English,Standard,28-04-2020,7.99,15.61,5,29.78,Action,Mobile,4,3.57,3,0.65,15.9,0.074,2.45,5777,5803,5010,11-11-2025,0,Action;Kids
200221,36,Male,India,English,Free,03-05-2023,0,20.27,8,27.53,Drama,Mobile,10,3.87,2,1,5.37,0.011,2.12,5285,5083,5788,06-11-2025,0,Drama;Documentary
200222,50,Female,India,Hindi,Standard,20-04-2025,7.99,220.02,4,19.93,Drama,Mobile,9,3.9,0,-0.59,17.31,0.023,40.65,5964,5541,5984,10-11-2025,0,Drama;Thriller
200223,32,Female,UK,English,Standard,15-04-2022,7.99,24.35,6,44.92,Drama,Mobile,6,3.59,1,0.16,17.23,0.053,3.85,5956,5407,5802,23-10-2025,0,Drama;Drama
200224,22,Female,India,Hindi,Free,16-07-2022,0,32.44,8,33.25,Comedy,Mobile,7,3.84,1,-0.18,10.19,0.097,3.88,5922,5339,5101,30-08-2025,1,Comedy;Action
200225,45,Female,India,French,Free,31-12-2021,0,57.61,4,22.54,Drama,Mobile,0,3.57,4,0.71,12.01,0.113,10.79,5630,5080,5653,03-11-2025,0,Drama;Comedy
200226,32,Female,India,English,Standard,29-11-2023,7.99,134.65,5,26.74,Comedy,Mobile,6,3.57,0,0.45,6.84,0.02,19.27,5678,5095,5087,05-11-2025,0,Comedy;Documentary
200227,20,Female,Canada,Tamil,Basic,28-11-2020,3.99,35.68,11,26.33,Comedy,Mobile,2,4.45,2,0.91,5.04,0.019,3,5318,5912,5906,09-11-2025,0,Comedy;Thriller
200228,28,Male,UK,Spanish,Premium,07-05-2020,12.99,28.19,6,35.43,Kids,Mobile,3,3.91,0,-0.05,13.18,0.127,4.7,5410,5922,5470,05-11-2025,0,Kids;Kids
200229,26,Female,India,French,Standard,18-03-2021,7.99,55.3,7,45.67,Action,Mobile,13,4.01,1,0.13,13.22,0.146,5.87,5142,5259,5301,01-11-2025,0,Action;Drama
200230,30,Female,India,French,Premium,01-05-2020,12.99,141.77,4,31.52,Documentary,TV,5,2.93,1,0.44,9.98,0.159,31.22,5995,5122,5640,27-10-2025,0,Documentary;Documentary
200231,36,Male,India,Hindi,Basic,26-02-2023,3.99,64.53,6,12.47,Romance,TV,2,4.05,2,0.04,4.5,0.072,9.59,5247,5124,5206,11-11-2025,0,Romance;Thriller
200232,32,Female,UK,French,Premium,07-05-2021,12.99,11.1,8,33.11,Drama,Mobile,6,4.12,3,0.38,14.74,0.058,1.28,5177,5535,5601,30-10-2025,0,Drama;Comedy
200233,50,Female,USA,Tamil,Basic,25-04-2024,3.99,8.27,2,33.44,Romance,Mobile,6,3.56,1,0.96,9.83,0.188,3.24,5811,5953,5082,29-10-2025,0,Romance;Action
200234,24,Female,India,English,Basic,26-10-2023,3.99,80.78,5,32.75,Comedy,TV,4,5,2,1,7.5,0.054,15.92,5344,5905,5212,03-11-2025,0,Comedy;Action
200235,18,Male,India,English,Free,04-10-2024,0,8.56,0,28.73,Action,Tablet,8,2.43,1,-0.09,19.66,0.096,7.68,5264,5947,5119,09-11-2025,0,Action;Romance
200236,20,Male,India,Hindi,Free,28-02-2023,0,7.55,2,37.17,Comedy,Mobile,10,4.27,0,1,6.15,0.167,2.83,5168,5728,5860,04-11-2025,0,Comedy;Documentary
200237,34,Other,USA,English,Standard,16-02-2025,7.99,59.92,8,35.66,Horror,Mobile,9,4.23,2,-0.1,15.37,0.008,6.98,5025,5289,5136,05-11-2025,0,Horror;Kids
200238,40,Female,UK,Hindi,Basic,12-02-2021,3.99,78.4,6,34.75,Comedy,Mobile,4,4.12,5,0.72,3,0.022,10.79,5703,5462,5773,05-11-2025,0,Comedy;Horror
200239,30,Male,India,Hindi,Basic,15-08-2020,3.99,111.63,3,39.13,Comedy,Mobile,3,3.91,3,-0.1,3.38,0.028,29.76,5900,5092,5981,05-11-2025,0,Comedy;Action
200240,36,Female,India,English,Standard,03-01-2024,7.99,18.16,6,30.7,Kids,Mobile,6,4.13,2,-0.42,14.9,0.035,3.07,5527,5024,5788,10-11-2025,0,Kids;Romance
200241,26,Female,India,Hindi,Basic,03-06-2024,3.99,151.17,5,30.13,Drama,Mobile,7,4.32,3,0.93,9.98,0.215,25.37,5528,5107,5377,10-09-2025,1,Drama;Action
200242,30,Female,Australia,Tamil,Standard,23-03-2025,7.99,7.85,8,48.8,Action,TV,5,3.36,0,0.17,4.99,0.101,1.03,5310,5818,5428,10-11-2025,0,Action;Drama
200243,32,Female,India,English,Basic,25-07-2021,3.99,26.33,4,40.59,Romance,Mobile,4,3.98,3,0.97,17.7,0.319,5.57,5639,5052,5720,09-11-2025,0,Romance;Documentary
200244,22,Male,UK,English,Standard,21-03-2023,7.99,84.01,11,43.27,Documentary,Mobile,6,3.69,0,0.65,14.23,0.004,6.95,5779,5711,5314,08-11-2025,0,Documentary;Kids
200245,18,Male,USA,English,Standard,29-09-2024,7.99,20.87,9,47.26,Horror,Mobile,5,3.14,2,0.45,1,0.157,2.21,5028,5294,5404,09-11-2025,0,Horror;Comedy
200246,50,Male,India,English,Basic,28-04-2022,3.99,31.14,7,40.26,Horror,Mobile,5,4.23,0,0.53,17.76,0.304,4.05,5775,5300,5243,09-11-2025,0,Horror;Documentary
200247,18,Female,India,Spanish,Basic,27-07-2022,3.99,27.3,4,44.28,Drama,Mobile,1,3.46,2,0.85,5.62,0.182,5.29,5370,5345,5985,29-10-2025,0,Drama;Documentary
200248,34,Male,India,English,Basic,19-09-2024,3.99,7.06,8,19.21,Documentary,Mobile,6,2.9,2,0.76,1.75,0.098,0.8,5384,5382,5967,25-10-2025,0,Documentary;Thriller
200249,22,Male,USA,Hindi,Standard,02-07-2024,7.99,53.14,8,37.04,Action,Desktop,4,3.48,5,-0.04,7.08,0.057,6.38,5294,5568,5345,08-11-2025,0,Action;Comedy
200250,40,Male,UK,English,Basic,13-12-2020,3.99,21.48,3,33.17,Action,Mobile,4,3.32,1,0.45,11.75,0.217,6.1,5664,5194,5612,08-11-2025,0,Action;Comedy
200251,50,Female,USA,English,Basic,27-10-2021,3.99,18.55,9,51.78,Drama,TV,2,4.42,3,1,12.46,0.014,1.71,5479,5557,5627,24-10-2025,0,Drama;Romance
200252,28,Female,India,Telugu,Free,16-11-2023,0,19.22,2,44.28,Action,Desktop,5,3.89,0,0.23,2.19,0.007,5.16,5580,5436,5842,02-11-2025,0,Action;Romance
200253,19,Male,India,Tamil,Basic,02-04-2022,3.99,94.45,11,28.7,Horror,Mobile,4,4.63,0,-0.1,3.52,0.116,8.03,5037,5385,5424,08-11-2025,0,Horror;Drama
200254,20,Male,Australia,English,Basic,12-11-2020,3.99,80.65,7,38.73,Kids,Mobile,9,3.4,2,-0.17,7.43,0.153,10.04,5888,5855,5016,30-10-2025,0,Kids;Thriller
200255,18,Female,UK,English,Standard,27-06-2022,7.99,3.28,3,36.68,Thriller,Mobile,4,4.32,4,0.71,7.82,0.102,0.67,5547,5751,5516,07-11-2025,0,Thriller;Action
200256,24,Male,India,English,Basic,19-05-2023,3.99,69.88,7,39.54,Drama,Desktop,0,5,0,0.06,16.57,0.228,9.2,5646,5372,5266,04-09-2025,1,Drama;Action
200257,18,Male,Australia,English,Basic,19-12-2023,3.99,14.39,4,24.81,Comedy,Desktop,11,4.01,0,0.42,9.52,0.059,3.39,5878,5744,5947,23-09-2025,0,Comedy;Comedy
200258,30,Male,USA,Hindi,Standard,16-01-2022,7.99,172.94,4,38.6,Documentary,TV,8,4.32,1,0.03,16.46,0.044,33.24,5673,5978,5560,08-11-2025,0,Documentary;Horror
200259,18,Male,USA,English,Standard,01-11-2020,7.99,21.36,7,32.72,Romance,Mobile,7,4.22,2,0.9,18.57,0.004,3.09,5372,5320,5735,16-10-2025,0,Romance;Documentary
200260,36,Male,UK,English,Basic,30-01-2020,3.99,64.09,7,37.82,Thriller,TV,6,2.95,2,0.29,15.33,0.019,9.01,5736,5239,5716,08-11-2025,0,Thriller;Drama
200261,18,Female,UAE,English,Basic,21-11-2021,3.99,27.7,9,27.76,Drama,Mobile,3,4.15,0,1,1,0.007,2.4,5622,5392,5020,04-11-2025,0,Drama;Documentary
200262,19,Male,USA,Spanish,Basic,20-08-2021,3.99,53.46,10,29.15,Comedy,Mobile,5,3.98,1,1,10.18,0.125,5.42,5102,5994,5800,05-11-2025,0,Comedy;Thriller
200263,19,Female,India,French,Premium,11-02-2025,12.99,51.71,4,46.74,Thriller,Mobile,6,3.64,3,0.15,11,0.12,10.41,5355,5939,5706,27-10-2025,0,Thriller;Action
200264,40,Male,India,English,Free,09-10-2020,0,8.94,6,24.48,Kids,Mobile,3,3.27,2,1,11.67,0.166,1.49,5465,5648,5828,12-09-2025,1,Kids;Comedy
200265,26,Female,Canada,Tamil,Premium,18-08-2025,12.99,34.58,4,25.22,Action,TV,5,4.22,4,0,1,0.015,6.06,5694,5285,5011,02-11-2025,0,Action;Drama
200266,28,Female,India,English,Standard,15-12-2024,7.99,8.54,7,34.48,Comedy,Mobile,8,3.22,1,0.36,7.42,0.095,0.91,5480,5013,5020,28-10-2025,0,Comedy;Thriller
200267,24,Male,India,English,Standard,08-10-2025,7.99,118.06,10,27.28,Thriller,Mobile,6,5,3,-0.27,3.83,0.06,9.62,5910,5385,5279,06-09-2025,1,Thriller;Documentary
200268,18,Female,India,Tamil,Free,02-04-2020,0,47.9,10,26.15,Drama,Mobile,7,3.87,1,0.56,6.44,0.587,3.59,5659,5541,5895,10-11-2025,0,Drama;Comedy
200269,18,Male,India,Spanish,Basic,27-02-2020,3.99,48.85,7,36.05,Horror,Desktop,4,3.07,3,0.38,10.45,0.066,5.67,5216,5690,5333,09-11-2025,0,Horror;Comedy
200270,20,Female,USA,French,Basic,14-02-2020,3.99,51.63,5,19.95,Comedy,TV,3,3.49,1,0.51,7.55,0.037,7.86,5999,5293,5547,31-10-2025,0,Comedy;Kids
200271,50,Male,Canada,Hindi,Free,11-06-2025,0,11.57,5,24.92,Thriller,Mobile,8,3.63,1,-0.62,6.88,0,1.86,5651,5257,5401,20-10-2025,0,Thriller;Documentary
200272,19,Male,India,English,Standard,15-02-2024,7.99,62.81,6,55.54,Comedy,Mobile,1,5,1,-0.99,10.81,0.13,8.84,5327,5108,5778,06-11-2025,0,Comedy;Drama
200273,24,Male,India,Tamil,Premium,27-05-2022,12.99,41.87,9,39.59,Action,Mobile,5,3.27,3,-0.48,9.05,0.067,3.59,5941,5581,5744,03-11-2025,0,Action;Drama
200274,40,Other,India,English,Standard,15-01-2025,7.99,198.78,9,27.53,Action,Desktop,6,3.73,2,0.5,13.2,0.184,20.83,5700,5885,5038,09-11-2025,0,Action;Drama
200275,34,Female,Canada,Hindi,Standard,28-09-2023,7.99,73.02,4,39.18,Romance,Mobile,5,3.48,2,0.6,9.48,0.16,12.99,5600,5688,5974,06-11-2025,0,Romance;Drama
200276,26,Female,USA,English,Free,01-03-2022,0,14.34,2,40.67,Comedy,Mobile,5,4.1,2,0.88,2.59,0.003,4.06,5247,5183,5083,07-11-2025,0,Comedy;Thriller
200277,28,Male,India,Hindi,Basic,26-08-2023,3.99,29.18,4,44.94,Comedy,Mobile,5,3.49,1,-0.04,5.81,0.042,6.32,5698,5754,5032,01-11-2025,0,Comedy;Drama
200278,22,Female,UAE,English,Free,29-11-2022,0,26.35,0,33.73,Drama,Mobile,5,3.12,4,0.33,10.03,0.031,21.32,5088,5706,5054,01-10-2025,0,Drama;Drama
200279,28,Male,UAE,English,Standard,15-04-2020,7.99,38.45,10,44.76,Action,Desktop,6,3.68,4,-0.22,9.31,0.146,3.31,5334,5367,5737,26-10-2025,0,Action;Horror
200280,36,Female,UAE,Spanish,Premium,27-01-2021,12.99,28.19,8,14.62,Drama,Mobile,5,3.62,0,1,3.52,0.172,2.69,5664,5831,5825,09-11-2025,0,Drama;Drama
200281,30,Male,Canada,English,Standard,06-05-2025,7.99,76.32,2,24.44,Action,Mobile,5,3.44,2,-0.23,16.06,0.052,29.34,5779,5534,5619,04-09-2025,1,Action;Kids
200282,36,Male,India,Hindi,Free,30-04-2024,0,49.52,2,36.64,Documentary,Mobile,8,3.48,2,0.91,13.87,0.138,18.65,5200,5862,5985,11-11-2025,0,Documentary;Horror
200283,18,Male,UK,English,Basic,06-07-2024,3.99,74.9,14,38.3,Kids,Mobile,3,4.51,4,0.05,8.4,0.08,4.12,5383,5523,5537,09-11-2025,0,Kids;Horror
200284,26,Male,India,English,Standard,21-07-2025,7.99,90.1,2,25.88,Thriller,Desktop,5,3.61,4,1,11.02,0.021,30.64,5428,5285,5910,10-11-2025,0,Thriller;Thriller
200285,30,Female,UAE,English,Basic,21-02-2024,3.99,15.97,3,37.59,Thriller,Mobile,3,3.12,1,0.31,5.57,0.05,3.67,5335,5874,5045,07-11-2025,0,Thriller;Action
200286,24,Male,UK,English,Standard,07-05-2021,7.99,90.36,5,28.76,Drama,Desktop,3,3.52,3,0.3,17.12,0.036,13.21,5758,5259,5940,31-10-2025,0,Drama;Comedy
200287,22,Female,UK,Telugu,Standard,28-07-2024,7.99,90.08,6,32.23,Action,TV,7,3.83,2,-0.25,24.41,0.299,11.9,5450,5173,5630,05-11-2025,0,Action;Romance
200288,19,Male,USA,English,Standard,16-11-2021,7.99,77.96,10,45.25,Documentary,Mobile,4,3,3,1,8.13,0.037,7.98,5216,5717,5294,15-10-2025,0,Documentary;Documentary
200289,26,Female,India,French,Basic,03-02-2021,3.99,79.07,3,44.09,Drama,Mobile,4,4.78,0,0.79,19.34,0.425,16.27,5941,5760,5125,09-11-2025,0,Drama;Kids
200290,26,Male,India,Hindi,Basic,28-10-2022,3.99,21.52,7,25.03,Comedy,Mobile,2,4.32,2,0.51,6.84,0.026,2.85,5586,5771,5548,07-11-2025,0,Comedy;Comedy
200291,36,Male,Australia,English,Free,07-09-2024,0,21.09,2,24.43,Documentary,TV,6,4.66,2,0.34,8.81,0.034,8.19,5672,5330,5344,07-11-2025,0,Documentary;Thriller
200292,18,Female,Canada,Hindi,Basic,25-06-2021,3.99,73.97,6,30.89,Documentary,Mobile,3,4.04,4,-0.2,20.6,0.193,10.35,5255,5452,5892,09-11-2025,0,Documentary;Documentary
200293,32,Male,India,Hindi,Basic,10-05-2020,3.99,37.09,5,34.73,Drama,Mobile,7,2.54,0,0.6,11.28,0.004,7.17,5529,5782,5423,23-09-2025,0,Drama;Drama
200294,40,Male,India,Tamil,Standard,25-10-2025,7.99,33.29,8,28.42,Thriller,Mobile,7,4.72,3,0.16,16.12,0.083,4.3,5505,5471,5167,07-11-2025,0,Thriller;Thriller
200295,36,Female,India,English,Standard,10-03-2021,7.99,69.32,6,45.41,Drama,TV,8,3.28,6,0.23,10.38,0.007,10.34,5438,5081,5269,14-10-2025,0,Drama;Kids
200296,26,Female,UK,English,Free,02-02-2022,0,66.78,0,38.47,Drama,Mobile,6,3.33,1,0.73,1.18,0.03,65.6,5650,5321,5194,08-09-2025,1,Drama;Kids
200297,45,Male,UAE,Spanish,Basic,11-06-2022,3.99,22.17,5,39.06,Kids,Mobile,7,3.89,3,0.37,26.02,0.015,4.05,5470,5441,5930,09-11-2025,0,Kids;Action
200298,20,Male,India,French,Basic,24-04-2025,3.99,144.8,9,22.33,Documentary,Mobile,4,4.63,1,0.21,10.7,0.04,16.89,5006,5399,5124,10-11-2025,0,Documentary;Romance
200299,22,Female,India,Spanish,Free,27-11-2021,0,14.17,2,46.67,Romance,Mobile,7,4.43,3,1,12.94,0.009,5.06,5219,5188,5271,23-10-2025,0,Romance;Action
200300,40,Male,UAE,English,Standard,07-05-2020,7.99,49.66,1,6.8,Drama,Desktop,2,4.34,1,-0.29,7.6,0.054,21.95,5916,5438,5058,11-11-2025,0,Drama;Horror
200301,36,Male,UK,Tamil,Free,22-08-2025,0,76.69,2,43.34,Documentary,Mobile,5,3.61,3,-0.79,16.68,0.045,28.84,5513,5885,5880,10-08-2025,1,Documentary;Drama
200302,22,Male,India,English,Basic,19-10-2021,3.99,39.84,8,44.34,Thriller,Desktop,3,3.6,2,-0.28,16.24,0.068,5.23,5576,5898,5059,06-11-2025,0,Thriller;Thriller
200303,20,Female,USA,English,Free,17-05-2023,0,54.94,4,30.68,Comedy,TV,7,4.01,4,0.29,2.66,0.135,10.59,5721,5850,5450,09-11-2025,0,Comedy;Horror
200304,34,Female,India,English,Premium,08-08-2021,12.99,18.16,6,47.73,Thriller,Mobile,5,3.72,2,0.62,13.03,0.128,2.8,5513,5448,5820,02-11-2025,0,Thriller;Horror
200305,20,Male,India,Hindi,Standard,24-08-2022,7.99,37.89,6,34.37,Drama,TV,7,4.33,2,-0.25,17.26,0.125,5.45,5869,5743,5217,10-11-2025,0,Drama;Thriller
200306,20,Male,USA,English,Basic,04-04-2023,3.99,44.46,2,35.62,Romance,Mobile,9,4.3,1,1,19.2,0.081,12.52,5189,5470,5581,11-11-2025,0,Romance;Drama
200307,22,Male,USA,English,Standard,02-05-2020,7.99,12.12,5,38.4,Action,Mobile,6,4.15,0,0.31,15.88,0.1,1.9,5975,5540,5482,25-10-2025,0,Action;Drama
200308,28,Female,UAE,Telugu,Standard,27-08-2024,7.99,16.75,10,66.87,Drama,TV,5,2.28,1,0.29,16.41,0.041,1.32,5247,5862,5244,06-11-2025,0,Drama;Romance
200309,22,Male,USA,English,Premium,15-12-2021,12.99,119.85,3,48.44,Drama,Mobile,7,3.88,3,-0.57,8.76,0.101,32.04,5769,5461,5103,04-11-2025,0,Drama;Action
200310,32,Male,UK,English,Basic,20-12-2020,3.99,31.94,8,42.01,Drama,TV,1,3.73,1,-0.67,4.63,0.005,3.67,5977,5835,5517,10-11-2025,0,Drama;Drama
200311,18,Female,India,English,Premium,17-10-2021,12.99,47.94,1,25.87,Drama,Mobile,3,3.9,3,-0.87,10.13,0.036,19.5,5686,5515,5811,11-11-2025,0,Drama;Drama
200312,30,Male,India,French,Premium,05-08-2021,12.99,50.49,9,36.44,Action,Desktop,3,3.35,2,1,4.49,0.113,4.16,5621,5237,5264,07-11-2025,0,Action;Action
200313,28,Female,India,Hindi,Premium,26-08-2024,12.99,227.18,10,26.87,Documentary,Mobile,11,3.01,2,0.93,7.57,0.032,18.68,5572,5181,5241,04-11-2025,0,Documentary;Drama
200314,19,Male,India,English,Standard,03-07-2020,7.99,109.72,5,43.22,Drama,Mobile,4,4.08,3,0.2,7.48,0.043,20.08,5555,5410,5846,28-10-2025,0,Drama;Documentary
200315,30,Male,UK,Telugu,Standard,21-04-2025,7.99,87.66,12,36.4,Drama,Mobile,2,3.59,3,-0.53,6.36,0.081,5.74,5428,5516,5861,05-11-2025,0,Drama;Romance
200316,18,Male,Australia,Telugu,Basic,18-06-2020,3.99,36.53,2,23.75,Thriller,TV,5,4.14,3,0.03,15.19,0.115,10.74,5550,5912,5734,27-10-2025,0,Thriller;Romance
200317,36,Female,India,English,Standard,12-04-2020,7.99,11.57,5,35.81,Romance,TV,7,3.4,0,1,5.92,0.049,2.24,5363,5860,5831,10-11-2025,0,Romance;Kids
200318,40,Female,India,Hindi,Standard,16-01-2022,7.99,55.42,3,26.51,Comedy,Mobile,2,4.65,1,-0.1,23.01,0.018,14.11,5770,5072,5229,11-11-2025,0,Comedy;Action
200319,32,Female,UAE,Tamil,Standard,29-06-2022,7.99,42.41,5,36.51,Comedy,Desktop,5,4.4,0,-0.34,17.93,0.005,7.41,5594,5182,5452,10-11-2025,0,Comedy;Kids
200320,32,Male,India,Hindi,Basic,13-08-2020,3.99,6.75,8,26.41,Action,Mobile,2,3.98,2,-0.03,19.14,0.043,0.74,5396,5104,5931,28-10-2025,0,Action;Comedy
200321,19,Female,USA,English,Standard,30-01-2021,7.99,185.57,3,35.27,Comedy,Mobile,1,3.67,1,0.02,7.87,0.094,42.68,5733,5272,5455,28-10-2025,0,Comedy;Romance
200322,28,Male,UK,Telugu,Standard,29-09-2024,7.99,105.34,11,42.5,Drama,Desktop,6,4.31,5,0.64,13.2,0.156,7.9,5919,5287,5986,10-11-2025,0,Drama;Thriller
200323,50,Male,USA,Hindi,Free,17-01-2024,0,40.48,0,34.47,Romance,Desktop,4,4.04,3,-1,5.74,0.009,41.92,5623,5087,5544,11-11-2025,0,Romance;Thriller
200324,34,Female,India,English,Standard,05-07-2020,7.99,8.49,5,31.09,Action,TV,7,3.94,2,0.3,13.3,0.046,1.4,5777,5386,5865,31-10-2025,0,Action;Comedy
200325,20,Male,India,English,Standard,29-10-2021,7.99,124.56,4,37.03,Action,Desktop,7,4.43,2,-0.22,1.39,0.015,23.95,5136,5073,5374,24-08-2025,1,Action;Romance
200326,28,Male,UK,English,Standard,16-10-2025,7.99,41.52,3,41.97,Romance,Mobile,6,4.66,1,-0.12,18.37,0.078,11.19,5434,5603,5024,28-10-2025,0,Romance;Kids
200327,40,Male,USA,English,Basic,02-12-2020,3.99,27.37,9,23.93,Action,Desktop,6,3.05,1,0.65,8.13,0.137,2.63,5848,5685,5306,10-09-2025,1,Action;Drama
200328,34,Male,India,Tamil,Basic,27-04-2021,3.99,53.56,12,37.61,Drama,Mobile,6,3.17,1,-0.58,13.82,0.001,3.36,5318,5310,5374,03-11-2025,0,Drama;Documentary
200329,32,Male,UK,English,Premium,15-06-2020,12.99,80.16,4,48.18,Comedy,Mobile,7,3.33,0,0.31,14.93,0.12,18.21,5535,5699,5187,28-10-2025,0,Comedy;Comedy
200330,22,Female,India,English,Basic,11-05-2022,3.99,10.6,7,40.74,Drama,Mobile,4,2.9,3,0.49,8.68,0.045,1.23,5501,5443,5961,09-11-2025,0,Drama;Drama
200331,40,Male,UK,Hindi,Standard,17-01-2024,7.99,45.6,2,35.58,Drama,Mobile,9,3.76,5,0.55,7.21,0.131,17.91,5349,5918,5989,04-11-2025,0,Drama;Documentary
200332,18,Female,India,English,Basic,04-12-2024,3.99,11.23,5,41.4,Action,Mobile,4,4.16,1,0.62,11.28,0.178,2.16,5059,5236,5640,08-11-2025,0,Action;Horror
200333,19,Female,Canada,French,Standard,17-10-2022,7.99,17.06,5,39.52,Documentary,Mobile,6,3.79,3,0.54,16.82,0.038,2.54,5778,5674,5112,09-11-2025,0,Documentary;Thriller
200334,18,Male,India,English,Basic,22-03-2025,3.99,55.19,3,42.54,Horror,Mobile,7,3.48,2,0.63,11.12,0.098,16.37,5140,5585,5493,08-10-2025,0,Horror;Horror
200335,50,Male,India,English,Standard,09-03-2024,7.99,55.9,6,14.76,Action,Mobile,4,4.48,2,-0.33,15.62,0.039,9.12,5958,5737,5294,18-10-2025,0,Action;Horror
200336,40,Male,India,English,Basic,10-08-2023,3.99,110.91,11,19.47,Drama,Mobile,6,3.88,0,1,16.76,0,11.04,5893,5896,5422,06-11-2025,0,Drama;Documentary
200337,24,Female,India,English,Free,25-05-2023,0,11.79,2,45.05,Drama,Mobile,2,4.01,0,-0.51,10.85,0.058,4.21,5628,5230,5149,10-11-2025,0,Drama;Comedy
200338,24,Male,UAE,English,Basic,27-04-2020,3.99,120.95,7,19.95,Romance,Mobile,6,4.49,1,0.42,11.32,0.038,17.72,5204,5254,5151,29-10-2025,0,Romance;Romance
200339,36,Female,Australia,Tamil,Free,28-06-2024,0,15.86,7,39.02,Thriller,TV,4,3.73,3,-0.21,12.83,0.009,2.13,5158,5952,5174,09-11-2025,0,Thriller;Horror
200340,28,Male,India,French,Premium,29-03-2025,12.99,46.52,6,31.48,Action,Desktop,3,5,3,-0.83,18.85,0.181,7.59,5330,5674,5197,10-11-2025,0,Action;Thriller
200341,32,Female,India,English,Premium,02-06-2025,12.99,33.26,8,25.04,Romance,TV,3,3.53,2,-0.14,9.94,0.064,3.86,5974,5355,5255,07-11-2025,0,Romance;Romance
200342,32,Male,UK,Hindi,Basic,24-10-2021,3.99,49.91,10,38.5,Romance,Mobile,5,5,2,0.13,18.83,0.177,5.32,5196,5762,5414,05-09-2025,1,Romance;Drama
200343,20,Male,Canada,Tamil,Standard,07-04-2023,7.99,94.48,9,37.01,Documentary,TV,3,3.22,1,1,13.53,0.031,9.52,5431,5495,5168,10-11-2025,0,Documentary;Romance
200344,20,Female,USA,Telugu,Basic,18-01-2023,3.99,21.87,5,56.1,Drama,Mobile,4,4.11,3,1,7.58,0.116,3.99,5724,5410,5082,04-09-2025,1,Drama;Documentary
200345,20,Female,India,English,Standard,21-06-2022,7.99,148.05,4,28.75,Romance,Mobile,3,3.41,2,0.12,11.75,0.008,34.55,5553,5199,5070,11-11-2025,0,Romance;Comedy
200346,22,Male,India,English,Standard,26-06-2021,7.99,22.09,6,49.4,Documentary,Mobile,6,4.47,1,-0.63,5.28,0.14,3.06,5871,5429,5837,20-10-2025,0,Documentary;Drama
200347,30,Female,USA,English,Premium,12-03-2022,12.99,74.53,6,38.52,Comedy,Desktop,9,3.51,1,-0.58,3.92,0.266,8.63,5519,5752,5426,17-10-2025,0,Comedy;Comedy
200348,26,Male,India,Hindi,Basic,15-05-2024,3.99,58.9,8,28.39,Action,Mobile,5,3.97,2,0.66,15.64,0.046,5.53,5862,5749,5402,29-10-2025,0,Action;Documentary
200349,30,Female,USA,Telugu,Standard,02-06-2025,7.99,109.23,9,42.99,Comedy,Mobile,6,3.41,5,0.62,16.79,0.026,12.98,5884,5475,5955,05-11-2025,0,Comedy;Drama
200350,18,Female,India,English,Basic,24-08-2021,3.99,98.52,10,40.66,Horror,Mobile,4,4.36,2,-0.16,11.8,0.007,10.29,5617,5588,5525,09-11-2025,0,Horror;Kids
200351,30,Male,UK,English,Premium,02-07-2025,12.99,59.77,3,35.36,Drama,Desktop,3,3.41,2,-0.5,12.29,0.089,14.84,5472,5977,5631,29-10-2025,0,Drama;Kids
200352,22,Male,India,Spanish,Free,05-05-2022,0,41.65,6,37.66,Thriller,TV,9,4.81,2,0.8,8.54,0.008,7.05,5458,5917,5212,16-10-2025,0,Thriller;Comedy
200353,36,Male,USA,Telugu,Standard,26-05-2021,7.99,84.68,2,29.03,Drama,Mobile,3,3.2,5,-0.54,13.02,0.157,24.68,5820,5939,5102,10-11-2025,0,Drama;Thriller
200354,18,Female,India,French,Standard,06-07-2022,7.99,26.35,4,26.74,Romance,Mobile,9,2.99,0,-0.07,23.89,0.006,4.45,5045,5342,5789,05-11-2025,0,Romance;Kids
200355,30,Female,USA,Tamil,Standard,16-03-2022,7.99,47.14,3,42.59,Drama,Mobile,4,4.37,1,0.48,18.06,0.092,12.26,5038,5474,5708,09-09-2025,1,Drama;Comedy
200356,22,Male,India,English,Free,02-07-2020,0,11.23,1,32.76,Drama,TV,8,3.45,1,-1,11.54,0.085,5.35,5676,5807,5589,07-11-2025,0,Drama;Thriller
200357,26,Male,USA,Hindi,Premium,02-11-2021,12.99,47.96,8,34.2,Thriller,Mobile,3,3.8,0,0.77,11.02,0.051,4.99,5593,5397,5338,06-11-2025,0,Thriller;Documentary
200358,30,Female,USA,Hindi,Basic,07-04-2022,3.99,35.53,6,37.8,Kids,Desktop,3,3.61,3,1,9.74,0.116,5.55,5341,5426,5333,12-10-2025,0,Kids;Action
200359,22,Other,USA,English,Standard,08-02-2021,7.99,81.57,6,37.65,Drama,Mobile,5,3.01,1,0.27,3.53,0.029,10.02,5570,5045,5205,09-11-2025,0,Drama;Romance
200360,50,Female,USA,Hindi,Basic,24-11-2020,3.99,26.43,7,20.71,Drama,TV,8,3.75,3,0.18,9.1,0.083,3.67,5302,5343,5487,05-11-2025,0,Drama;Kids
200361,20,Male,USA,Hindi,Basic,23-06-2025,3.99,77.56,7,47.86,Romance,Mobile,3,4.56,1,0.23,16.05,0.005,9.15,5635,5691,5229,12-10-2025,0,Romance;Drama
200362,50,Male,UAE,English,Standard,08-06-2023,7.99,14.65,4,36.21,Thriller,Mobile,4,4.4,2,0.33,6.41,0.001,3.5,5707,5734,5189,05-11-2025,0,Thriller;Romance
200363,32,Male,India,Tamil,Basic,14-07-2025,3.99,27.86,3,32.97,Kids,Mobile,8,3.94,1,-0.24,10.32,0.008,7.83,5193,5887,5099,23-10-2025,0,Kids;Documentary
200364,20,Female,UAE,Hindi,Free,04-02-2024,0,16.97,7,39.31,Drama,Mobile,3,4.47,5,-0.47,5.29,0.049,2.25,5914,5017,5934,11-11-2025,0,Drama;Thriller
200365,32,Male,India,French,Free,12-06-2022,0,52.49,0,37.37,Action,Mobile,3,3.16,1,-0.01,16.71,0.057,46.81,5898,5219,5936,12-10-2025,0,Action;Kids
200366,45,Female,India,English,Basic,12-05-2020,3.99,30.7,5,42.67,Drama,TV,2,3.6,5,0.29,4.36,0.164,6.05,5616,5596,5411,09-11-2025,0,Drama;Horror
200367,19,Male,India,English,Standard,26-06-2020,7.99,36.34,5,40.38,Drama,Mobile,7,4.04,0,-0.4,15.56,0.017,4.93,5624,5191,5954,03-10-2025,0,Drama;Thriller
200368,50,Female,India,Hindi,Premium,12-08-2020,12.99,22.49,7,42.18,Action,TV,2,3.72,2,-0.61,18.17,0.071,2.5,5132,5391,5730,10-11-2025,0,Action;Thriller
200369,19,Female,UK,English,Free,14-02-2021,0,43.63,2,48.51,Action,Desktop,6,3.65,1,-0.06,10.06,0.017,11.85,5608,5439,5460,06-11-2025,0,Action;Comedy
200370,19,Female,UK,Hindi,Basic,10-11-2022,3.99,7.24,8,43.84,Romance,Mobile,5,3.08,2,-0.6,7.88,0.11,0.95,5595,5644,5194,08-11-2025,0,Romance;Romance
200371,26,Male,UK,Tamil,Free,27-09-2021,0,44.81,5,33.4,Comedy,TV,6,2.55,1,0.6,14.85,0.385,8.58,5468,5497,5555,06-11-2025,0,Comedy;Horror
200372,20,Male,India,English,Free,29-01-2020,0,25.09,3,23.77,Thriller,TV,2,4.29,2,-1,21.61,0.04,7.41,5170,5799,5890,09-11-2025,0,Thriller;Kids
200373,45,Male,India,Hindi,Standard,26-03-2024,7.99,34.92,8,51.68,Comedy,Mobile,10,3.95,2,-0.5,20.05,0.016,4.21,5561,5094,5636,09-10-2025,0,Comedy;Thriller
200374,32,Female,India,Hindi,Standard,21-10-2025,7.99,41.42,8,32.62,Horror,Desktop,3,4.34,1,1,11.56,0.144,3.73,5945,5095,5020,08-11-2025,0,Horror;Action
200375,22,Female,India,English,Free,11-09-2021,0,21.5,0,30.27,Comedy,Mobile,6,3.54,2,0.07,6.7,0,25.21,5885,5696,5931,01-11-2025,0,Comedy;Documentary
200376,18,Female,India,Spanish,Basic,30-10-2021,3.99,30.28,8,17.63,Comedy,Mobile,5,3.37,5,0.31,10.61,0.131,3.26,5647,5644,5311,10-11-2025,0,Comedy;Thriller
200377,22,Female,India,Telugu,Free,22-01-2020,0,2.82,7,38.38,Comedy,TV,7,3.8,6,0.12,1.86,0.194,0.33,5265,5082,5842,25-10-2025,0,Comedy;Kids
200378,18,Female,India,Hindi,Standard,26-03-2021,7.99,111.08,7,36.49,Thriller,Mobile,6,4.31,2,-0.18,8.67,0.02,12.69,5199,5340,5840,04-11-2025,0,Thriller;Horror
200379,50,Male,USA,Hindi,Premium,20-11-2020,12.99,25.42,1,19.85,Comedy,Mobile,7,3.66,3,0.86,14.7,0.024,11.63,5283,5808,5680,04-10-2025,0,Comedy;Romance
200380,24,Female,UK,English,Free,23-01-2021,0,11.02,6,39.53,Kids,Mobile,4,4.28,2,-0.14,9.79,0.027,1.76,5405,5360,5558,06-11-2025,0,Kids;Thriller
200381,22,Male,Australia,Spanish,Basic,12-01-2023,3.99,31.82,8,30.02,Comedy,Desktop,7,3.2,4,-0.3,8.4,0.076,3.19,5547,5112,5996,09-11-2025,0,Comedy;Thriller
200382,30,Male,Canada,Hindi,Premium,29-02-2020,12.99,122.72,7,61.9,Kids,Desktop,2,3.7,4,0.59,11.67,0.004,13.64,5856,5303,5735,07-11-2025,0,Kids;Drama
200383,30,Female,USA,Tamil,Premium,13-06-2021,12.99,86.09,4,29.31,Drama,Mobile,6,3.76,2,-0.96,10.38,0.09,18.58,5480,5818,5079,29-10-2025,0,Drama;Thriller
200384,28,Male,India,Telugu,Basic,14-03-2023,3.99,16.4,8,30.65,Action,TV,7,4.54,1,0.03,16.53,0.103,1.67,5204,5919,5170,01-11-2025,0,Action;Romance
200385,20,Male,USA,English,Free,03-09-2021,0,70.95,3,26.25,Kids,Desktop,5,3.92,2,-0.11,4.04,0.026,14.28,5471,5051,5914,27-10-2025,0,Kids;Documentary
200386,18,Female,UK,Telugu,Free,15-08-2024,0,23.34,3,47.78,Drama,Mobile,4,4.85,2,0.02,15.16,0.066,6.84,5932,5806,5246,11-11-2025,0,Drama;Drama
200387,18,Male,India,English,Standard,06-03-2020,7.99,177.94,5,31.27,Horror,Mobile,5,2.99,1,-0.09,11.72,0.035,27.45,5753,5905,5783,03-11-2025,0,Horror;Drama
200388,40,Female,India,English,Basic,03-04-2020,3.99,54.91,8,27.75,Thriller,TV,2,3.88,4,0.43,14.61,0.127,6.75,5349,5701,5979,16-10-2025,0,Thriller;Thriller
200389,36,Male,UAE,English,Free,20-12-2020,0,39.55,9,42.07,Kids,Desktop,8,3.91,2,0.86,3.67,0.005,3.91,5835,5720,5472,10-11-2025,0,Kids;Thriller
200390,20,Male,India,French,Standard,27-12-2020,7.99,28.5,7,21.2,Action,Desktop,5,4.17,0,0.48,17.3,0.024,3.04,5043,5661,5099,11-11-2025,0,Action;Action
200391,26,Male,USA,Telugu,Free,01-04-2021,0,4.65,4,41.25,Comedy,Mobile,6,3.31,3,0,15.26,0.017,0.99,5776,5777,5322,30-10-2025,0,Comedy;Kids
200392,28,Male,USA,Hindi,Standard,12-02-2024,7.99,24.78,3,52.81,Drama,Mobile,5,4.81,1,0.58,22.04,0.042,5.53,5482,5884,5141,08-11-2025,0,Drama;Kids
200393,26,Female,India,Tamil,Basic,16-06-2024,3.99,70.19,9,40.67,Comedy,Mobile,6,3.81,4,0.65,7,0.001,6.42,5377,5281,5109,02-09-2025,1,Comedy;Romance
200394,50,Male,India,Hindi,Free,04-04-2020,0,31.98,4,41.38,Drama,Mobile,8,3.15,2,0.42,8.49,0.115,5.2,5078,5113,5313,05-09-2025,1,Drama;Documentary
200395,50,Female,India,French,Standard,03-06-2022,7.99,17.03,5,43.7,Drama,Mobile,7,3.79,4,0.83,1.29,0.019,2.29,5036,5036,5649,30-09-2025,0,Drama;Kids
200396,26,Male,India,English,Basic,26-03-2025,3.99,124.82,5,52.1,Drama,TV,0,3.61,5,-1,7.06,0.001,20.92,5383,5623,5121,21-10-2025,0,Drama;Romance
200397,26,Female,India,English,Premium,08-04-2023,12.99,74.79,6,47.1,Comedy,Mobile,4,5,2,0.22,20.61,0.396,8.79,5816,5683,5099,31-10-2025,0,Comedy;Horror
200398,45,Female,UAE,English,Standard,02-03-2021,7.99,65.55,5,39.4,Romance,Desktop,7,4.43,0,0.38,13.77,0.009,9.66,5174,5078,5578,08-11-2025,0,Romance;Horror
200399,20,Female,India,Tamil,Basic,20-07-2023,3.99,60.31,6,44.04,Drama,Mobile,7,3.83,4,-0.69,7.64,0.217,10.08,5928,5849,5494,08-11-2025,0,Drama;Comedy
200400,26,Male,India,Tamil,Standard,07-04-2021,7.99,30.91,6,26.14,Drama,Mobile,2,3.73,1,0.33,12.8,0.008,3.68,5647,5540,5144,21-10-2025,0,Drama;Documentary
200401,30,Male,India,English,Basic,25-07-2021,3.99,95.61,5,42.76,Action,Mobile,3,4.37,3,0.75,11.63,0.053,14.6,5330,5960,5110,03-11-2025,0,Action;Comedy
200402,36,Male,Canada,English,Premium,04-06-2023,12.99,14.95,4,24.94,Drama,Mobile,9,4.4,3,0.07,1,0.041,3.26,5652,5045,5484,27-10-2025,0,Drama;Romance
200403,36,Female,India,Telugu,Basic,04-04-2022,3.99,61.21,4,31.33,Drama,Mobile,7,2.05,1,0.59,1.63,0.017,14.12,5055,5873,5130,06-11-2025,0,Drama;Thriller
200404,19,Male,India,English,Standard,08-10-2020,7.99,254.28,5,5,Drama,Tablet,8,4.19,4,0.81,18.64,0.295,34.69,5764,5952,5400,10-11-2025,0,Drama;Drama
200405,24,Female,UAE,Hindi,Free,16-04-2024,0,3.95,5,39.01,Kids,Desktop,4,3.82,3,1,16.42,0.098,0.58,5279,5304,5840,07-11-2025,0,Kids;Action
200406,50,Female,UAE,French,Basic,07-08-2024,3.99,10.24,9,28.56,Documentary,Mobile,2,3.01,1,0.9,3.09,0.225,0.98,5459,5392,5506,10-11-2025,0,Documentary;Horror
200407,18,Male,India,English,Standard,06-10-2024,7.99,104.52,7,46.11,Comedy,Mobile,6,4.33,1,1,11.24,0.062,12.34,5692,5654,5769,27-10-2025,0,Comedy;Thriller
200408,40,Female,UAE,English,Standard,09-06-2020,7.99,9.35,4,38.9,Action,Desktop,2,5,4,-0.1,7.71,0.175,1.71,5525,5015,5210,30-10-2025,0,Action;Documentary
200409,18,Male,India,Hindi,Basic,09-05-2022,3.99,57.62,1,46.24,Thriller,Mobile,4,4.13,0,-0.03,18.53,0.187,25.84,5716,5640,5758,11-11-2025,0,Thriller;Horror
200410,24,Male,India,Telugu,Basic,07-03-2021,3.99,40.34,4,24.16,Action,Mobile,9,4.46,2,-1,14.69,0.03,7.32,5455,5167,5361,02-11-2025,0,Action;Documentary
200411,40,Female,India,Hindi,Standard,09-03-2025,7.99,84.96,6,45.38,Action,Mobile,4,4.88,1,-0.44,5.37,0.041,10.36,5821,5665,5154,22-10-2025,0,Action;Drama
200412,45,Female,India,French,Premium,21-02-2024,12.99,41.07,4,56.06,Action,Desktop,3,3.3,1,0.93,12.72,0.068,7.11,5575,5063,5940,31-10-2025,0,Action;Documentary
200413,20,Female,UK,English,Free,11-08-2021,0,23.45,4,42.64,Comedy,Mobile,4,2.69,3,-0.16,11.75,0.11,4.89,5492,5571,5645,04-11-2025,0,Comedy;Romance
200414,22,Male,India,Hindi,Basic,31-01-2025,3.99,42.15,10,42.9,Drama,Mobile,2,4.19,4,0.44,11.77,0.047,3.51,5074,5203,5533,08-11-2025,0,Drama;Kids
200415,20,Male,India,Hindi,Basic,14-06-2023,3.99,73.86,6,36.7,Thriller,Desktop,7,3.65,1,0.34,8.94,0.01,10.13,5455,5157,5547,21-10-2025,0,Thriller;Documentary
200416,18,Female,UK,Telugu,Premium,01-05-2021,12.99,28.95,5,29.75,Kids,Mobile,7,2.98,2,0.94,12.15,0.023,4.66,5819,5515,5360,06-11-2025,0,Kids;Thriller
200417,18,Female,UK,English,Free,06-05-2020,0,18.02,1,42.61,Thriller,Mobile,2,3.75,0,-1,6.9,0.418,7.6,5954,5551,5988,23-10-2025,0,Thriller;Documentary
200418,40,Female,India,Telugu,Basic,22-10-2021,3.99,26.61,11,19.94,Documentary,Mobile,4,4.24,2,0.41,4.87,0.112,2.5,5155,5278,5310,27-10-2025,0,Documentary;Action
200419,40,Male,USA,Hindi,Standard,28-06-2020,7.99,125.51,3,30.82,Horror,Desktop,4,3.71,2,0.4,4.52,0.143,37.11,5519,5101,5474,26-10-2025,0,Horror;Kids
200420,50,Female,India,English,Free,07-08-2025,0,6.01,5,17.29,Drama,Mobile,5,3.33,3,-0.31,5.71,0.016,0.91,5375,5895,5736,27-09-2025,0,Drama;Documentary
200421,45,Male,UK,English,Basic,21-02-2025,3.99,110.81,7,27.96,Action,Tablet,6,3.67,1,0.78,14.53,0.023,12.71,5306,5169,5636,29-10-2025,0,Action;Kids
200422,50,Male,USA,Telugu,Basic,06-05-2023,3.99,62.3,5,41.42,Action,TV,6,3.79,1,-0.64,14.7,0.01,11.19,5920,5532,5752,11-11-2025,0,Action;Comedy
200423,24,Female,Canada,English,Basic,09-08-2021,3.99,54.67,7,40.05,Horror,Mobile,8,2.64,2,0.84,20.76,0.123,5.69,5343,5403,5946,09-11-2025,0,Horror;Drama
200424,26,Male,India,English,Basic,29-12-2021,3.99,16.67,5,35.51,Horror,Tablet,4,3.71,0,-1,10.63,0.128,3.23,5665,5141,5876,11-11-2025,0,Horror;Thriller
200425,20,Female,India,English,Standard,17-06-2022,7.99,89.44,6,36.7,Action,Mobile,1,2.99,1,-0.34,16.21,0.174,10.84,5044,5347,5300,09-11-2025,0,Action;Action
200426,40,Male,India,Telugu,Free,06-01-2023,0,25.08,6,16.14,Drama,Mobile,4,4.2,5,0.12,12.28,0.53,3.92,5548,5787,5341,11-11-2025,0,Drama;Thriller
200427,32,Male,India,Hindi,Standard,30-08-2022,7.99,61.44,6,31.27,Romance,Mobile,6,2.86,2,0.33,13.8,0.043,8.05,5441,5976,5004,05-11-2025,0,Romance;Romance
200428,24,Female,India,Tamil,Standard,17-09-2023,7.99,163.5,2,28.19,Drama,Mobile,3,4.41,3,-0.92,16.85,0.118,50.65,5097,5834,5635,11-11-2025,0,Drama;Drama
200429,30,Female,Canada,English,Standard,15-11-2024,7.99,46.18,10,28.41,Romance,Mobile,4,3.55,3,0.83,15.49,0.031,3.6,5165,5193,5554,05-11-2025,0,Romance;Horror
200430,45,Female,India,Hindi,Free,15-12-2024,0,71.41,0,41,Kids,Mobile,1,3.47,3,0.65,12.65,0.021,75.59,5746,5899,5169,20-10-2025,0,Kids;Romance
200431,18,Female,India,Hindi,Free,27-10-2020,0,21.28,2,26.39,Comedy,Mobile,7,3.98,2,1,8.32,0.054,7.93,5103,5152,5420,29-10-2025,0,Comedy;Horror
200432,50,Female,UK,Telugu,Basic,12-01-2023,3.99,14.84,9,28.95,Action,Desktop,2,3.28,3,0.62,13.65,0.019,1.75,5436,5748,5280,14-10-2025,0,Action;Documentary
200433,24,Female,India,Spanish,Basic,17-02-2024,3.99,11.8,9,14.13,Thriller,Mobile,9,3.97,2,-0.24,20.19,0.037,1.1,5381,5806,5737,09-11-2025,0,Thriller;Romance
200434,20,Female,UK,English,Basic,29-12-2024,3.99,47.22,7,32.06,Thriller,Tablet,6,3.36,2,-0.44,13.05,0.059,6.19,5447,5386,5389,04-11-2025,0,Thriller;Documentary
200435,40,Male,India,Hindi,Standard,28-01-2021,7.99,93.94,6,24.12,Comedy,Mobile,5,3.47,3,-0.05,9.63,0.172,12.96,5007,5952,5185,08-11-2025,0,Comedy;Comedy
200436,18,Male,India,English,Free,09-11-2023,0,42.92,2,35.79,Romance,Mobile,10,4.04,0,1,16.93,0.042,14.64,5094,5208,5323,05-11-2025,0,Romance;Romance
200437,22,Male,India,Hindi,Free,05-08-2022,0,57.24,2,25.49,Kids,Mobile,7,3.12,0,0.23,3.69,0.012,16.51,5444,5989,5011,03-11-2025,0,Kids;Horror
200438,45,Other,India,English,Basic,28-06-2022,3.99,56.14,11,36.05,Kids,Mobile,5,3.04,3,0.25,9.84,0.01,4.83,5479,5549,5685,11-11-2025,0,Kids;Action
200439,24,Female,Canada,English,Standard,13-09-2023,7.99,14.91,8,33.55,Drama,Mobile,4,3.95,1,1,6.12,0.202,1.89,5633,5388,5608,09-11-2025,0,Drama;Horror
200440,28,Male,India,English,Basic,07-11-2020,3.99,47.24,5,51.72,Documentary,TV,11,3.78,2,-0.5,11.27,0.155,9.02,5877,5078,5278,30-10-2025,0,Documentary;Drama
200441,18,Female,India,Hindi,Standard,16-04-2021,7.99,32.21,2,39.97,Romance,Desktop,4,3.9,2,0.52,19.48,0.079,10.67,5494,5977,5139,28-10-2025,0,Romance;Comedy
200442,20,Female,India,English,Basic,28-05-2024,3.99,41.41,4,16.6,Comedy,Tablet,3,4,4,0.51,15.85,0.009,7.41,5037,5172,5678,03-11-2025,0,Comedy;Kids
200443,19,Male,India,Tamil,Premium,06-07-2022,12.99,53.49,5,22.35,Drama,Mobile,1,3.83,2,0.77,1,0.218,10.12,5533,5557,5699,08-11-2025,0,Drama;Thriller
200444,32,Female,Canada,English,Premium,13-09-2024,12.99,47.42,9,35.55,Comedy,Desktop,7,4.16,1,0.71,8.29,0.09,5.69,5098,5337,5086,06-11-2025,0,Comedy;Romance
200445,34,Female,India,English,Basic,21-03-2020,3.99,31.18,9,25.7,Kids,Mobile,5,3.86,1,0.16,3.01,0.055,2.96,5814,5596,5900,10-11-2025,0,Kids;Thriller
200446,26,Male,USA,Tamil,Basic,30-01-2021,3.99,109.5,5,5.32,Action,Mobile,7,2.6,0,-0.63,18.35,0.031,21.35,5021,5892,5231,12-10-2025,0,Action;Comedy
200447,34,Female,Australia,English,Basic,18-08-2025,3.99,4.28,8,48.5,Romance,Desktop,5,2.75,0,-0.14,8.51,0.127,0.57,5232,5431,5451,22-10-2025,0,Romance;Thriller
200448,20,Male,USA,English,Basic,11-08-2025,3.99,12.54,5,42.2,Comedy,TV,2,4.96,0,0.71,12.46,0.076,2,5468,5605,5138,11-11-2025,0,Comedy;Action
200449,30,Female,Canada,Hindi,Standard,24-08-2025,7.99,19.65,8,40.21,Romance,Mobile,5,3.8,1,1,12.74,0.046,2.37,5354,5489,5997,10-11-2025,0,Romance;Comedy
200450,50,Female,India,English,Standard,06-01-2025,7.99,40.81,1,28.93,Drama,Mobile,9,4.37,0,-0.53,13.24,0.049,21.07,5072,5666,5531,03-11-2025,0,Drama;Drama
200451,30,Female,India,English,Standard,01-02-2022,7.99,81.81,5,39.28,Comedy,Mobile,11,3.59,2,-0.57,1,0.025,14.85,5352,5106,5338,09-11-2025,0,Comedy;Drama
200452,19,Male,India,English,Standard,15-11-2021,7.99,38.74,6,27.96,Action,TV,6,3.77,1,-0.74,14.17,0.013,4.77,5052,5870,5156,15-10-2025,0,Action;Horror
200453,26,Female,UK,French,Basic,27-01-2022,3.99,63.79,4,37.05,Drama,Mobile,6,3.53,2,-0.26,8.71,0.215,12.08,5222,5209,5607,28-10-2025,0,Drama;Kids
200454,28,Female,Australia,Hindi,Free,03-05-2021,0,54.71,4,25.79,Documentary,Tablet,3,5,4,0.77,17.07,0.009,9.03,5797,5716,5017,08-11-2025,0,Documentary;Drama
200455,19,Male,India,Hindi,Standard,01-08-2023,7.99,9.89,8,50.16,Drama,Mobile,8,3.95,1,0.99,13.22,0.009,1.15,5325,5760,5792,11-11-2025,0,Drama;Drama
200456,36,Female,USA,Hindi,Basic,09-07-2020,3.99,75.72,6,19.3,Action,Mobile,3,3.48,3,-1,15.79,0.176,12.66,5990,5348,5897,26-10-2025,0,Action;Comedy
200457,34,Male,India,English,Standard,24-12-2021,7.99,91.4,8,47.32,Comedy,Mobile,8,2.81,2,-0.52,7.63,0.038,10.4,5460,5905,5261,06-11-2025,0,Comedy;Comedy
200458,19,Female,USA,English,Basic,09-04-2020,3.99,86.03,8,35.39,Action,Mobile,7,4.98,4,-0.64,5.23,0.053,7.92,5167,5352,5160,01-11-2025,0,Action;Documentary
200459,34,Male,India,Tamil,Free,22-10-2022,0,24.72,8,30.11,Drama,Mobile,6,3.7,4,-0.32,17.34,0.149,3.22,5283,5738,5309,09-09-2025,1,Drama;Comedy
200460,18,Male,Australia,English,Premium,02-10-2024,12.99,79.86,6,36.67,Drama,TV,6,4.25,4,0.07,15.38,0.005,9.73,5501,5848,5081,10-11-2025,0,Drama;Romance
200461,30,Male,USA,English,Free,29-03-2022,0,46.25,5,42.33,Kids,Desktop,3,4.31,2,-0.04,13.33,0.039,8.89,5717,5048,5697,31-10-2025,0,Kids;Documentary
200462,18,Female,India,English,Premium,20-10-2020,12.99,75.46,6,48.67,Comedy,Desktop,7,3.52,3,0.51,13.32,0.016,11.7,5367,5246,5213,06-11-2025,0,Comedy;Horror
200463,32,Male,India,English,Premium,17-03-2020,12.99,14.13,11,38.13,Romance,Desktop,4,4.2,2,-0.96,14.52,0.249,1.24,5650,5031,5427,09-11-2025,0,Romance;Horror
200464,36,Female,India,French,Standard,17-12-2020,7.99,20.77,8,26.09,Horror,Desktop,4,3.44,0,-0.11,4.25,0.018,2.39,5036,5695,5342,10-11-2025,0,Horror;Comedy
200465,26,Male,India,English,Standard,30-09-2023,7.99,50.05,9,35.56,Drama,Mobile,10,3.21,2,1,18.45,0.007,4.27,5607,5475,5359,03-11-2025,0,Drama;Comedy
200466,28,Male,India,Hindi,Standard,16-12-2023,7.99,150.75,4,53.17,Comedy,Desktop,6,4.5,2,1,11.08,0.019,30.16,5528,5477,5679,30-10-2025,0,Comedy;Kids
200467,45,Female,UAE,English,Premium,16-05-2025,12.99,97.42,6,48.48,Action,Mobile,2,3.71,4,1,11.25,0.078,12.23,5999,5257,5930,08-11-2025,0,Action;Comedy
200468,34,Female,USA,French,Basic,08-05-2023,3.99,19.51,10,44.09,Horror,Mobile,4,4.11,3,0.44,9.49,0.013,1.82,5749,5126,5206,29-10-2025,0,Horror;Drama
200469,28,Male,India,English,Basic,13-07-2020,3.99,21.03,3,42.96,Kids,Mobile,3,4.05,0,-0.19,1,0.144,5.15,5676,5219,5336,09-11-2025,0,Kids;Action
200470,34,Female,India,English,Standard,13-01-2024,7.99,30.62,8,41.99,Thriller,Mobile,9,4.18,1,0.3,15.45,0.107,3.65,5602,5245,5261,07-11-2025,0,Thriller;Horror
200471,20,Female,UAE,Tamil,Basic,07-08-2021,3.99,30.07,3,46.59,Romance,Mobile,6,2.87,2,1,6.01,0.164,8.97,5620,5480,5786,29-10-2025,0,Romance;Drama
200472,19,Female,UK,Hindi,Basic,10-04-2023,3.99,32.04,4,30.43,Drama,Tablet,3,3.45,3,-0.12,12.65,0.02,6.05,5596,5443,5900,01-11-2025,0,Drama;Documentary
200473,32,Male,India,English,Basic,31-12-2020,3.99,30.39,4,21.45,Horror,Mobile,7,3.61,3,1,7.08,0.031,6.36,5255,5651,5748,08-11-2025,0,Horror;Kids
200474,30,Male,UK,English,Standard,19-04-2022,7.99,43.44,4,35.69,Horror,Mobile,5,3.3,2,-1,9.94,0.065,9.95,5930,5501,5243,10-11-2025,0,Horror;Action
200475,45,Female,India,English,Premium,21-05-2020,12.99,14.64,6,26.82,Drama,Mobile,7,4.06,1,0.54,9.61,0.072,1.75,5677,5227,5732,11-11-2025,0,Drama;Kids
200476,40,Male,India,English,Basic,30-04-2025,3.99,8.3,4,24.45,Comedy,Mobile,7,4.51,1,0.59,6.94,0.013,1.86,5200,5898,5877,24-10-2025,0,Comedy;Action
200477,34,Female,India,English,Premium,29-09-2025,12.99,43.8,8,27.8,Drama,Mobile,2,4.61,2,0.42,10.64,0.007,4.36,5836,5814,5859,11-11-2025,0,Drama;Kids
200478,28,Female,India,English,Standard,13-09-2024,7.99,17.55,11,59.85,Comedy,Mobile,7,3.6,3,0.46,9.11,0.049,1.49,5827,5769,5582,11-09-2025,1,Comedy;Action
200479,32,Female,India,English,Standard,16-11-2020,7.99,43.06,2,36.36,Romance,Mobile,3,3.98,1,0.51,5.76,0.022,17.18,5669,5255,5395,09-11-2025,0,Romance;Kids
200480,22,Female,Canada,English,Standard,28-08-2021,7.99,89.72,4,38.62,Comedy,Mobile,7,4.07,1,0.54,19.04,0.066,21.42,5031,5070,5943,06-11-2025,0,Comedy;Documentary
200481,45,Other,UAE,Hindi,Standard,29-12-2023,7.99,117.47,6,22.78,Drama,TV,5,4.17,0,0,7.19,0.154,15.54,5578,5455,5725,27-10-2025,0,Drama;Documentary
200482,22,Male,USA,French,Free,12-02-2025,0,44.65,10,16.56,Comedy,TV,8,3.27,2,0.04,15.37,0.178,3.46,5601,5578,5337,09-11-2025,0,Comedy;Drama
200483,18,Female,India,Hindi,Standard,23-11-2024,7.99,52.37,3,26.81,Horror,Mobile,3,4.89,5,-0.62,16.01,0.099,15.39,5486,5002,5799,04-11-2025,0,Horror;Romance
200484,30,Male,India,English,Free,12-10-2022,0,39.38,5,49.38,Action,Mobile,7,4.36,1,0.64,17.54,0.092,7.6,5259,5495,5738,11-11-2025,0,Action;Kids
200485,50,Male,USA,English,Premium,14-08-2025,12.99,65.49,11,38.34,Comedy,Mobile,4,4.37,2,0.98,8.73,0.02,5.71,5253,5325,5781,05-11-2025,0,Comedy;Thriller
200486,50,Female,India,French,Premium,22-06-2020,12.99,57.62,7,40.99,Drama,TV,3,4.52,1,1,10.81,0.096,5.86,5494,5781,5279,10-11-2025,0,Drama;Horror
200487,40,Female,India,English,Basic,16-04-2025,3.99,56.98,6,42.39,Horror,Mobile,3,4.12,1,-0.29,10.99,0.033,8.96,5234,5403,5249,10-09-2025,1,Horror;Romance
200488,20,Other,India,English,Basic,21-08-2023,3.99,28.69,4,29.09,Documentary,Mobile,2,3.18,1,-0.83,15.16,0.05,4.96,5107,5851,5833,07-11-2025,0,Documentary;Drama
200489,28,Female,UAE,Hindi,Standard,03-08-2025,7.99,11.49,4,48.88,Comedy,TV,9,3.72,2,0.43,10.55,0.009,2.71,5581,5815,5708,28-10-2025,0,Comedy;Action
200490,40,Male,India,Hindi,Basic,05-06-2024,3.99,27.68,8,28.67,Drama,Mobile,10,2.81,2,-0.49,14.75,0.013,3,5790,5129,5030,29-10-2025,0,Drama;Thriller
200491,19,Male,India,Hindi,Premium,23-09-2022,12.99,12.21,5,49.06,Drama,Mobile,7,4.05,1,0.54,10.47,0.002,2.13,5336,5483,5927,06-11-2025,0,Drama;Romance
200492,19,Female,UK,English,Free,24-02-2021,0,18.5,2,39.42,Drama,Mobile,7,3.7,0,-1,18.7,0.068,5.63,5713,5146,5815,10-11-2025,0,Drama;Kids
200493,28,Male,India,English,Free,22-09-2022,0,33.7,0,17.11,Action,Desktop,4,3.78,0,0.85,11.93,0.011,33.36,5053,5625,5912,08-11-2025,0,Action;Documentary
200494,26,Male,India,French,Premium,29-08-2023,12.99,80.32,5,27.52,Kids,Desktop,4,4.52,4,0.29,11.21,0.04,14.75,5944,5800,5939,04-11-2025,0,Kids;Kids
200495,20,Male,India,English,Standard,01-01-2020,7.99,52.41,5,17.15,Thriller,TV,5,3.53,3,-0.95,14.04,0.011,8.71,5969,5096,5131,22-10-2025,0,Thriller;Documentary
200496,32,Male,India,Hindi,Standard,11-09-2021,7.99,45.15,5,46.63,Documentary,Mobile,3,3.65,3,0.38,21.81,0.048,8.57,5753,5501,5524,08-10-2025,0,Documentary;Comedy
200497,34,Male,UK,Hindi,Basic,30-09-2021,3.99,45.66,7,34.75,Thriller,Mobile,7,3.81,2,0.26,8.37,0.088,6.19,5844,5456,5460,02-09-2025,1,Thriller;Horror
200498,50,Male,India,Hindi,Standard,06-11-2022,7.99,79.33,0,12.72,Romance,Tablet,4,2.7,1,0.51,18.24,0.044,65.92,5687,5779,5395,07-11-2025,0,Romance;Horror
200499,45,Male,India,English,Standard,20-08-2023,7.99,37.33,3,38.76,Romance,Tablet,4,3.64,3,0.68,7.09,0.054,9.73,5042,5404,5528,31-10-2025,0,Romance;Documentary
200500,26,Male,UAE,English,Standard,29-04-2021,7.99,17.39,6,29.63,Drama,Mobile,4,2.31,2,-1,12.26,0.04,2.6,5260,5008,5413,07-11-2025,0,Drama;Horror
200501,34,Other,UAE,Hindi,Standard,28-10-2025,7.99,65.65,3,20.16,Comedy,Desktop,8,3.45,2,-0.08,7.23,0.012,15.63,5369,5220,5117,02-11-2025,0,Comedy;Romance
200502,34,Male,UAE,Telugu,Standard,29-12-2024,7.99,20.29,9,51.78,Action,Mobile,5,4.31,3,0.15,9.77,0.102,1.89,5210,5725,5149,09-11-2025,0,Action;Drama
200503,26,Male,India,French,Basic,21-04-2024,3.99,16.91,3,36.07,Drama,Mobile,3,4.07,2,0.02,7.93,0.117,3.49,5466,5102,5109,08-11-2025,0,Drama;Thriller
200504,18,Female,India,English,Basic,03-04-2022,3.99,69.12,4,32.07,Comedy,TV,11,3.44,0,-0.01,16.19,0.309,13.53,5042,5678,5236,11-11-2025,0,Comedy;Comedy
200505,22,Male,Australia,English,Standard,13-08-2024,7.99,64.13,11,31.01,Thriller,Mobile,7,3.82,3,0.83,9.02,0.002,4.99,5939,5774,5826,06-11-2025,0,Thriller;Kids
200506,34,Female,UK,French,Basic,14-09-2025,3.99,95.98,1,19.87,Horror,Desktop,5,3.16,3,-0.84,15.18,0.096,56.65,5353,5002,5427,02-11-2025,0,Horror;Documentary
200507,26,Female,India,Tamil,Standard,28-08-2023,7.99,107.21,10,21.95,Thriller,Mobile,6,3.8,2,0.03,8.84,0.018,10.43,5682,5714,5517,27-10-2025,0,Thriller;Documentary
200508,26,Male,India,Spanish,Basic,29-09-2020,3.99,37.55,4,47.85,Romance,Mobile,2,5,4,0.07,11.97,0.204,7.39,5894,5490,5180,26-10-2025,0,Romance;Kids
200509,36,Male,India,English,Standard,19-11-2023,7.99,98.34,10,30.26,Thriller,Desktop,1,4.91,0,0.13,20.75,0.224,9.85,5259,5841,5909,24-09-2025,0,Thriller;Thriller
200510,40,Female,Canada,Hindi,Standard,19-01-2024,7.99,19.26,2,35.22,Romance,Desktop,3,3.83,2,-0.39,7.53,0.064,7.14,5955,5695,5849,11-11-2025,0,Romance;Thriller
200511,24,Female,India,Hindi,Basic,07-04-2024,3.99,32.6,5,14.56,Action,Mobile,5,3.9,2,1,7.64,0.029,5.39,5998,5771,5396,05-11-2025,0,Action;Kids
200512,18,Male,India,Hindi,Free,05-10-2023,0,27.01,3,21.82,Documentary,Mobile,7,3.21,2,0.79,10.52,0.101,5.61,5337,5834,5977,04-11-2025,0,Documentary;Romance
200513,30,Female,India,English,Free,29-10-2022,0,20.3,6,41.1,Comedy,TV,3,3.32,3,1,11.89,0.023,3.23,5716,5740,5001,27-08-2025,1,Comedy;Documentary
200514,24,Male,USA,English,Standard,03-09-2022,7.99,94.03,4,38.78,Action,Mobile,4,4.02,0,0.58,15.72,0.019,15.72,5395,5200,5008,08-11-2025,0,Action;Action
200515,40,Other,UAE,Hindi,Standard,12-02-2025,7.99,67.12,2,52.53,Action,Tablet,2,3.49,0,0.66,12.26,0.093,25.48,5849,5969,5144,11-11-2025,0,Action;Documentary
200516,40,Male,India,English,Free,15-02-2023,0,32.81,4,48.43,Comedy,Desktop,5,4.34,0,0.2,13.47,0.005,6.13,5675,5026,5655,08-11-2025,0,Comedy;Romance
200517,40,Female,UK,English,Standard,07-05-2023,7.99,146.18,7,32.69,Drama,Mobile,2,4.74,2,1,5.07,0.049,19.28,5105,5994,5275,01-10-2025,0,Drama;Comedy
200518,24,Female,Australia,French,Basic,30-05-2023,3.99,37.71,6,39.73,Drama,Mobile,5,4,1,0.54,13.81,0.003,5.91,5690,5944,5665,20-10-2025,0,Drama;Drama
200519,28,Female,India,English,Basic,06-11-2024,3.99,79.72,7,31.83,Drama,Mobile,7,3.86,1,0.09,13.97,0.039,8.11,5703,5350,5287,06-11-2025,0,Drama;Documentary
200520,22,Female,India,Telugu,Premium,10-09-2022,12.99,146.44,3,55.55,Documentary,Desktop,3,2.79,2,1,16.03,0.052,34.92,5124,5102,5490,22-10-2025,0,Documentary;Romance
200521,26,Male,India,English,Basic,18-04-2020,3.99,61.29,5,46.49,Drama,Mobile,6,4.25,5,-0.58,10.03,0.083,10.64,5710,5648,5642,12-09-2025,1,Drama;Action
200522,45,Male,UK,Hindi,Basic,03-04-2021,3.99,101.66,10,36.7,Drama,Mobile,3,3.11,4,-0.24,11.96,0.059,10.53,5099,5963,5633,08-11-2025,0,Drama;Horror
200523,22,Male,USA,French,Free,05-09-2025,0,29.4,3,37,Romance,Mobile,10,3.55,3,1,16.24,0.022,7.99,5006,5331,5571,30-10-2025,0,Romance;Horror
200524,50,Male,USA,English,Free,29-06-2021,0,33.89,6,49.45,Comedy,Mobile,5,4.38,1,0.6,5.65,0.005,5.61,5800,5857,5729,10-09-2025,1,Comedy;Action
200525,20,Female,UK,English,Basic,07-07-2022,3.99,21.96,6,40.8,Thriller,Mobile,3,4.42,1,-1,1.23,0.094,2.61,5267,5372,5031,09-11-2025,0,Thriller;Romance
200526,28,Male,India,English,Free,16-02-2020,0,18.99,6,50.59,Drama,Mobile,7,3.52,1,0.81,5.35,0.143,2.25,5043,5197,5964,23-10-2025,0,Drama;Comedy
200527,30,Male,Canada,English,Standard,05-05-2025,7.99,64.89,6,13.06,Horror,Desktop,3,3.55,3,-0.41,8.16,0.062,10.06,5807,5510,5452,02-11-2025,0,Horror;Action
200528,22,Female,India,Tamil,Basic,02-01-2023,3.99,29.31,5,39.61,Documentary,Desktop,5,3.38,1,-0.14,18.43,0.03,4.69,5653,5972,5244,27-09-2025,0,Documentary;Action
200529,45,Female,India,Spanish,Standard,31-05-2025,7.99,74.15,5,29.85,Documentary,TV,4,3.08,0,1,24.18,0.019,12.27,5269,5030,5140,10-11-2025,0,Documentary;Documentary
200530,19,Female,USA,English,Free,17-11-2022,0,27.14,3,52.56,Comedy,Mobile,7,3.42,5,1,6.54,0.025,7.07,5551,5923,5401,07-11-2025,0,Comedy;Documentary
200531,40,Other,UK,English,Basic,19-03-2025,3.99,81.46,5,50.46,Romance,Mobile,4,2.83,1,1,11.49,0.019,16.22,5942,5299,5725,08-11-2025,0,Romance;Kids
200532,34,Male,India,English,Standard,23-09-2021,7.99,50.99,8,35.33,Drama,TV,4,4.21,2,-0.16,8.84,0.183,4.68,5674,5133,5541,21-10-2025,0,Drama;Comedy
200533,50,Male,UAE,Tamil,Premium,15-08-2023,12.99,136.44,7,50.36,Drama,Mobile,3,4.04,1,0.03,14.89,0.351,14.39,5195,5768,5982,09-11-2025,0,Drama;Comedy
200534,20,Female,Canada,English,Free,26-10-2021,0,6.34,2,52.83,Drama,Desktop,6,4.14,0,0.33,13.68,0.103,2.39,5928,5532,5164,07-11-2025,0,Drama;Comedy
200535,18,Female,India,Hindi,Premium,31-10-2023,12.99,36.09,3,35.74,Action,TV,10,3.23,0,0.72,6.74,0.218,7.29,5324,5308,5104,10-11-2025,0,Action;Kids
200536,30,Male,Australia,Hindi,Standard,12-07-2025,7.99,65.35,3,59.72,Thriller,Mobile,3,3.08,0,-0.01,8.27,0.164,16.01,5616,5021,5976,28-10-2025,0,Thriller;Comedy
200537,20,Female,India,Hindi,Standard,01-03-2020,7.99,37.15,7,34.69,Thriller,Desktop,5,3.83,2,1,11.14,0.015,5.15,5757,5899,5063,09-11-2025,0,Thriller;Romance
200538,40,Male,India,English,Standard,19-02-2025,7.99,52.11,2,32.85,Drama,Tablet,4,3.84,2,0.49,19.38,0.174,15.25,5065,5041,5015,11-11-2025,0,Drama;Horror
200539,34,Male,India,Hindi,Free,26-10-2021,0,24.37,7,43.66,Comedy,Mobile,5,3.71,2,1,8.08,0.069,2.66,5201,5892,5798,06-11-2025,0,Comedy;Romance
200540,28,Female,Canada,English,Free,08-09-2022,0,23.94,4,31.46,Romance,Mobile,2,3.63,2,-0.27,2.69,0.082,4.42,5881,5498,5494,07-11-2025,0,Romance;Thriller
200541,34,Female,USA,English,Standard,10-11-2025,7.99,12.78,9,35.85,Thriller,Mobile,3,4.83,1,-0.05,19.82,0.19,1.1,5242,5960,5179,10-11-2025,0,Thriller;Kids
200542,24,Female,India,Telugu,Basic,27-02-2025,3.99,42.52,10,49.09,Romance,Mobile,4,4.06,3,0.35,14.98,0.029,4.14,5007,5876,5523,10-11-2025,0,Romance;Thriller
200543,34,Male,India,Tamil,Premium,03-07-2021,12.99,203.23,4,35.19,Drama,Mobile,6,4.98,2,-0.08,5.02,0.005,35.77,5219,5964,5441,20-10-2025,0,Drama;Kids
200544,24,Female,USA,English,Basic,19-12-2023,3.99,39.93,5,18.05,Romance,Mobile,7,4.56,4,0.83,13.84,0,5.93,5003,5472,5525,12-09-2025,1,Romance;Thriller
200545,50,Male,India,English,Free,12-03-2023,0,27.75,5,38.67,Action,Tablet,4,4.82,3,0.84,16.87,0.135,4.76,5854,5967,5727,10-11-2025,0,Action;Action
200546,28,Male,Canada,English,Standard,18-02-2022,7.99,167.87,4,28.04,Drama,Mobile,7,3.16,1,0.06,12.56,0.028,39.85,5464,5664,5488,09-11-2025,0,Drama;Comedy
200547,32,Female,UAE,English,Basic,22-10-2020,3.99,175.98,5,43.65,Drama,Mobile,4,4.16,1,0.59,20.18,0,34.19,5968,5308,5311,12-10-2025,0,Drama;Romance
200548,40,Female,India,English,Standard,18-01-2023,7.99,24.03,7,41.96,Action,TV,5,3.54,2,1,15.33,0.049,3.44,5965,5459,5738,11-11-2025,0,Action;Romance
200549,24,Female,Australia,English,Standard,01-02-2022,7.99,177.06,7,49.71,Documentary,Mobile,6,2.8,3,0.83,13.83,0.113,22.41,5305,5514,5575,26-10-2025,0,Documentary;Comedy
200550,18,Female,India,English,Premium,11-01-2024,12.99,63.09,5,44.08,Comedy,Desktop,9,4.7,3,0.59,13.22,0.084,9.66,5314,5503,5767,20-10-2025,0,Comedy;Thriller
200551,34,Female,Australia,Tamil,Standard,10-06-2020,7.99,18.64,10,45.9,Comedy,Mobile,3,3.62,2,0.98,12.82,0.08,1.83,5478,5044,5980,07-11-2025,0,Comedy;Documentary
200552,34,Female,USA,Hindi,Standard,26-09-2024,7.99,93.97,6,28.31,Documentary,Mobile,9,3.17,0,1,17.27,0.03,12.83,5796,5041,5130,08-11-2025,0,Documentary;Kids
200553,18,Male,USA,Hindi,Standard,24-10-2021,7.99,16.41,7,43.04,Action,Mobile,6,3.55,1,1,11.1,0.157,2.28,5883,5838,5968,31-10-2025,0,Action;Action
200554,19,Male,India,English,Premium,15-07-2022,12.99,58.95,6,54.68,Thriller,TV,2,3.32,3,0.16,17.7,0.009,6.79,5411,5263,5466,30-10-2025,0,Thriller;Romance
200555,50,Male,Canada,French,Basic,29-07-2020,3.99,29.64,7,28.11,Thriller,Mobile,9,3.38,4,0.74,13.87,0.267,3.75,5498,5294,5952,27-10-2025,0,Thriller;Drama
200556,26,Male,India,Telugu,Free,21-11-2024,0,28.23,6,53,Drama,TV,4,3.67,2,0.02,12.63,0.085,3.77,5534,5978,5502,25-10-2025,0,Drama;Action
200557,32,Female,India,Telugu,Basic,21-09-2025,3.99,11.24,5,29.51,Action,Mobile,5,4.84,4,0.17,10.15,0.045,1.69,5606,5685,5263,08-11-2025,0,Action;Action
200558,30,Female,India,Telugu,Basic,30-11-2022,3.99,8.92,5,26.48,Comedy,Mobile,5,3.4,3,0.49,10.21,0.086,1.58,5357,5009,5171,31-10-2025,0,Comedy;Thriller
200559,45,Male,USA,Spanish,Standard,29-09-2023,7.99,93.05,5,37.96,Horror,Mobile,4,4.8,1,-0.67,13.91,0.098,16.49,5071,5053,5927,10-11-2025,0,Horror;Comedy
200560,24,Male,India,Hindi,Standard,27-08-2022,7.99,119.86,9,42.16,Thriller,Desktop,3,4.31,2,0.42,18.08,0.043,9.77,5882,5796,5957,04-11-2025,0,Thriller;Kids
200561,18,Female,UK,English,Standard,18-04-2025,7.99,125.75,3,44.12,Thriller,Desktop,5,4.04,3,-0.21,15.03,0.162,37.07,5734,5128,5406,03-09-2025,1,Thriller;Kids
200562,45,Male,Canada,Hindi,Free,28-06-2023,0,5.5,0,25.38,Thriller,Mobile,4,4.25,2,-0.51,7.71,0.001,5.2,5013,5531,5702,10-11-2025,0,Thriller;Drama
200563,28,Female,India,Tamil,Standard,17-12-2022,7.99,30.86,7,39.35,Kids,Mobile,3,3.81,2,0.68,2.41,0.038,4.5,5406,5964,5796,11-11-2025,0,Kids;Thriller
200564,24,Female,UK,Tamil,Basic,25-08-2023,3.99,158.01,3,28.14,Romance,Mobile,5,4.57,2,0.04,16.44,0.013,40.83,5971,5644,5025,09-11-2025,0,Romance;Comedy
200565,26,Male,India,Hindi,Standard,08-10-2024,7.99,25.14,3,20.11,Thriller,Mobile,6,4.14,1,0.33,28.1,0.092,6.67,5517,5525,5449,06-11-2025,0,Thriller;Kids
200566,45,Female,UAE,English,Standard,14-04-2023,7.99,10.73,5,25.71,Romance,Mobile,9,2.8,3,0.06,10.34,0.123,2.12,5022,5732,5160,21-10-2025,0,Romance;Drama
200567,28,Female,UAE,English,Basic,24-01-2022,3.99,25.31,5,27.49,Action,Desktop,3,3.98,4,-0.17,9.22,0.025,4.76,5975,5779,5217,04-11-2025,0,Action;Documentary
200568,20,Male,India,Spanish,Free,06-07-2025,0,2.81,0,40.22,Thriller,Desktop,5,4.27,1,0.27,16.92,0.044,2.41,5895,5757,5688,29-10-2025,0,Thriller;Documentary
200569,40,Female,UK,Hindi,Free,07-08-2022,0,4.54,5,46.52,Drama,Mobile,7,3.63,1,-0.62,6.83,0.011,0.61,5309,5770,5848,10-11-2025,0,Drama;Romance
200570,34,Female,India,Hindi,Standard,23-04-2025,7.99,33.18,5,20.27,Thriller,Mobile,5,3.88,1,0.14,20.98,0.05,5.11,5295,5966,5733,10-11-2025,0,Thriller;Drama
200571,20,Male,India,English,Premium,23-10-2024,12.99,44.03,12,38.52,Drama,Desktop,2,3.43,2,1,14.47,0.106,3.37,5549,5140,5490,09-11-2025,0,Drama;Thriller
200572,24,Female,UAE,English,Standard,28-05-2021,7.99,8.34,5,23.23,Kids,Desktop,5,2.97,3,-0.52,11.84,0.004,1.52,5031,5894,5280,08-11-2025,0,Kids;Drama
200573,26,Female,India,Spanish,Free,11-02-2022,0,62.46,4,41.29,Comedy,Mobile,7,2.87,2,1,7.36,0.004,13.3,5062,5759,5081,04-11-2025,0,Comedy;Horror
200574,32,Female,India,Hindi,Basic,22-03-2021,3.99,27.15,10,28.77,Horror,Mobile,8,2.88,4,1,17.29,0.115,2.28,5221,5232,5125,21-10-2025,0,Horror;Drama
200575,45,Female,India,Tamil,Standard,18-12-2024,7.99,40.24,1,24.49,Thriller,Mobile,2,4.2,2,-0.27,9.33,0.019,20.46,5359,5933,5170,06-11-2025,0,Thriller;Horror
200576,50,Female,UAE,English,Standard,20-04-2023,7.99,38.11,11,43,Action,Mobile,3,2.31,1,0.4,16.26,0.162,3.37,5593,5568,5582,04-11-2025,0,Action;Drama
200577,40,Female,India,Hindi,Free,17-06-2022,0,26.13,4,29.13,Thriller,Mobile,6,3.4,4,-0.58,14.39,0.069,5.25,5383,5088,5590,11-11-2025,0,Thriller;Horror
200578,24,Female,India,English,Free,24-08-2025,0,86.43,3,31.84,Drama,Mobile,3,3.34,1,-0.67,19.75,0.239,23.24,5745,5766,5090,11-11-2025,0,Drama;Horror
200579,18,Female,UK,Hindi,Standard,20-04-2021,7.99,80.72,7,12.8,Comedy,TV,6,3.63,2,0.3,12.95,0.007,10.03,5518,5564,5380,11-11-2025,0,Comedy;Romance
200580,50,Female,UAE,English,Basic,09-04-2023,3.99,39.78,7,44.47,Drama,Mobile,10,2.69,5,0.45,30.7,0.138,5.03,5617,5759,5860,30-10-2025,0,Drama;Documentary
200581,50,Female,India,English,Basic,16-04-2022,3.99,14.26,5,43.21,Action,Mobile,2,4.04,0,-0.14,15.33,0.024,2.8,5337,5764,5111,05-11-2025,0,Action;Documentary
200582,50,Female,India,Hindi,Free,15-09-2025,0,13.13,6,35.05,Thriller,Mobile,6,3.04,2,-0.48,12.88,0.009,1.79,5162,5637,5164,09-11-2025,0,Thriller;Horror
200583,22,Male,India,Spanish,Standard,15-02-2022,7.99,39.58,6,19.72,Romance,Desktop,5,4.48,2,-0.27,9.67,0.01,6.23,5855,5201,5415,03-11-2025,0,Romance;Comedy
200584,24,Female,India,English,Premium,19-01-2022,12.99,48.2,5,47.09,Drama,Desktop,3,3.43,1,0.73,17.26,0.121,7.5,5564,5986,5640,04-11-2025,0,Drama;Drama
200585,40,Female,India,Telugu,Premium,27-04-2024,12.99,100.93,7,28.34,Drama,Mobile,4,3.74,4,0.74,9.8,0.139,11.77,5158,5388,5155,11-11-2025,0,Drama;Horror
200586,34,Male,UK,English,Standard,08-03-2021,7.99,9.6,3,30.47,Comedy,Mobile,5,3.8,7,0.59,7.35,0.139,2.81,5013,5361,5194,01-11-2025,0,Comedy;Kids
200587,34,Female,USA,English,Standard,23-09-2020,7.99,98.26,6,58.12,Kids,Tablet,5,3.95,5,-0.03,9.19,0.002,15.15,5186,5132,5979,28-10-2025,0,Kids;Action
200588,24,Male,USA,English,Free,03-10-2023,0,21.98,3,27.96,Romance,Mobile,9,3.82,2,-0.45,10.85,0.06,6.44,5734,5177,5476,08-11-2025,0,Romance;Kids
200589,28,Male,India,English,Standard,10-02-2024,7.99,16.4,14,42.42,Comedy,Mobile,6,3.54,4,0.99,25.5,0.004,1.31,5753,5052,5685,31-10-2025,0,Comedy;Thriller
200590,22,Female,UAE,Hindi,Basic,18-03-2021,3.99,40.37,5,40.62,Thriller,Mobile,4,4.01,3,1,13.75,0.002,5.38,5309,5546,5812,09-11-2025,0,Thriller;Action
200591,18,Male,India,English,Standard,20-05-2024,7.99,43.69,13,38.9,Drama,Mobile,3,4.08,2,-0.11,8.03,0.041,3.72,5148,5022,5825,28-10-2025,0,Drama;Kids
200592,50,Female,Australia,English,Basic,30-03-2021,3.99,20.12,6,37.82,Horror,Mobile,4,3.34,2,0.1,18.53,0.038,2.42,5902,5653,5021,18-10-2025,0,Horror;Comedy
200593,50,Female,USA,Spanish,Basic,02-04-2025,3.99,26.1,2,38.76,Action,Desktop,2,4.06,1,-0.68,13.13,0.025,7.21,5055,5319,5823,06-11-2025,0,Action;Thriller
200594,24,Female,India,English,Free,16-04-2025,0,54.16,2,37.72,Comedy,TV,5,4.52,2,0.52,19.77,0.062,19.99,5927,5783,5109,10-09-2025,1,Comedy;Comedy
200595,28,Male,USA,Tamil,Basic,13-09-2025,3.99,118.75,4,34.48,Action,Mobile,4,4.22,5,1,23.47,0.224,22.33,5571,5168,5399,06-11-2025,0,Action;Horror
200596,34,Male,India,English,Free,02-06-2024,0,28.67,3,50.11,Drama,Desktop,2,4.36,0,0.77,3.05,0.36,8.37,5915,5038,5930,10-09-2025,1,Drama;Kids
200597,34,Female,USA,Hindi,Free,05-04-2020,0,50.78,1,21.87,Horror,Mobile,5,3.9,0,1,1,0.09,25.84,5710,5873,5872,11-11-2025,0,Horror;Thriller
200598,26,Other,India,English,Premium,08-03-2025,12.99,112.5,10,45.21,Drama,Mobile,11,3.24,3,-0.03,23.95,0.148,9.76,5610,5758,5899,01-11-2025,0,Drama;Documentary
200599,24,Female,India,English,Basic,12-08-2025,3.99,77.2,5,43.22,Action,Mobile,4,3.31,2,-0.58,7.88,0.103,10.67,5668,5747,5129,11-11-2025,0,Action;Documentary
200600,22,Male,UAE,English,Standard,17-09-2022,7.99,48.59,4,41.98,Drama,TV,6,3.99,2,1,1.81,0.195,9.58,5762,5567,5509,09-11-2025,0,Drama;Action
200601,19,Female,India,English,Premium,23-08-2020,12.99,118.73,6,46.17,Romance,Mobile,2,4.37,4,0.3,8.85,0.021,15.45,5909,5940,5280,30-10-2025,0,Romance;Action
200602,22,Female,UAE,English,Premium,21-04-2023,12.99,93.41,8,34.07,Romance,Mobile,4,5,2,-0.34,6.19,0.009,8.62,5692,5373,5427,01-11-2025,0,Romance;Kids
200603,34,Female,India,Hindi,Standard,06-03-2023,7.99,28.39,6,16.31,Action,TV,9,4.39,1,1,7.36,0.032,4.33,5510,5632,5027,11-11-2025,0,Action;Romance
200604,34,Male,USA,Spanish,Standard,25-05-2024,7.99,92.85,7,34.28,Action,TV,2,3.1,4,-0.16,17.13,0.155,13.82,5586,5578,5905,01-11-2025,0,Action;Kids
200605,20,Female,USA,Telugu,Basic,30-09-2022,3.99,22.69,3,25.09,Kids,TV,5,3.34,0,-0.47,9.84,0.042,5.4,5573,5834,5344,16-10-2025,0,Kids;Kids
200606,34,Female,India,Hindi,Basic,17-06-2025,3.99,110.19,10,27.68,Drama,Mobile,4,5,3,0.56,2.29,0.015,9.2,5937,5427,5401,11-11-2025,0,Drama;Horror
200607,18,Female,India,English,Basic,30-08-2021,3.99,19.35,7,22.58,Comedy,Mobile,5,3.67,1,-0.58,12.2,0.248,2.02,5045,5840,5604,06-11-2025,0,Comedy;Horror
200608,30,Male,India,English,Standard,29-07-2024,7.99,35.21,10,30.23,Drama,Mobile,3,3.83,3,0.81,6.89,0.036,2.85,5647,5166,5295,29-10-2025,0,Drama;Kids
200609,24,Female,India,English,Standard,23-12-2023,7.99,25.78,3,29.03,Horror,Mobile,4,3.22,2,-0.49,10.5,0.137,5.89,5722,5722,5567,31-10-2025,0,Horror;Comedy
200610,45,Female,India,English,Basic,12-08-2020,3.99,118.65,3,11.22,Comedy,Desktop,5,4.74,2,0.35,10.85,0.023,27.81,5086,5502,5196,09-11-2025,0,Comedy;Action
200611,22,Male,USA,Hindi,Free,28-02-2022,0,76.66,3,42,Romance,Mobile,7,4.1,2,0.39,17.07,0.072,20.19,5782,5925,5893,11-09-2025,1,Romance;Thriller
200612,30,Female,Canada,Hindi,Standard,03-09-2025,7.99,57.09,8,57.2,Action,Mobile,6,3.34,2,0.36,8.97,0.084,5.37,5292,5075,5733,27-10-2025,0,Action;Drama
200613,28,Female,UAE,English,Free,16-05-2023,0,15.79,2,41.06,Drama,TV,5,3.2,0,-0.57,16.19,0.179,4.33,5264,5440,5813,12-08-2025,1,Drama;Kids
200614,19,Male,UK,English,Standard,09-06-2025,7.99,66.61,11,32.97,Drama,Mobile,7,3.98,2,0.08,2.43,0.007,6.51,5268,5646,5156,28-10-2025,0,Drama;Drama
200615,18,Male,UK,Telugu,Standard,22-06-2024,7.99,26.92,4,34.45,Comedy,Mobile,5,3.83,2,1,17.39,0.046,6.03,5936,5265,5440,09-10-2025,0,Comedy;Drama
200616,40,Female,USA,Tamil,Standard,25-11-2023,7.99,39.98,11,30.79,Comedy,Desktop,9,4.3,2,0.08,19.79,0.095,3.04,5225,5406,5101,02-11-2025,0,Comedy;Romance
200617,36,Male,India,English,Standard,13-01-2024,7.99,82.92,2,35.9,Drama,Desktop,5,4.13,0,-0.49,10.62,0.124,29.17,5216,5686,5925,16-10-2025,0,Drama;Kids
200618,22,Female,Canada,Spanish,Premium,26-12-2022,12.99,51.95,4,34.63,Drama,TV,5,3.64,2,-0.07,7.09,0.018,10.77,5874,5243,5748,31-10-2025,0,Drama;Action
200619,30,Male,USA,French,Basic,19-07-2021,3.99,39.79,3,26.59,Documentary,Mobile,8,3.47,3,-0.55,5.53,0.087,10.91,5231,5601,5500,19-10-2025,0,Documentary;Comedy
200620,40,Female,USA,English,Standard,18-08-2022,7.99,84.66,2,51.83,Horror,Mobile,4,3.7,2,-1,11.85,0.082,32.28,5702,5762,5285,10-11-2025,0,Horror;Comedy
200621,19,Male,India,English,Standard,06-07-2025,7.99,86.03,8,20.13,Comedy,TV,2,3.47,1,0.09,19.3,0.027,9.01,5654,5543,5069,26-10-2025,0,Comedy;Kids
200622,20,Female,India,Hindi,Basic,14-05-2021,3.99,25.76,3,42.18,Comedy,Mobile,5,3.72,0,0.26,9.45,0.021,6.85,5177,5277,5779,09-11-2025,0,Comedy;Kids
200623,40,Female,India,French,Free,02-02-2020,0,15.25,9,33.99,Drama,Mobile,3,3.81,0,0.62,18.67,0.062,1.71,5563,5550,5386,11-11-2025,0,Drama;Romance
200624,18,Female,UAE,Telugu,Basic,06-01-2021,3.99,61.31,4,54.01,Action,Desktop,2,3.26,1,0.48,5.09,0.03,13.24,5702,5308,5452,04-11-2025,0,Action;Horror
200625,18,Female,India,English,Basic,28-04-2023,3.99,36.48,6,38.41,Documentary,Mobile,5,4.18,2,0.57,9.89,0.224,6.09,5517,5403,5138,08-11-2025,0,Documentary;Thriller
200626,45,Male,India,English,Standard,21-01-2023,7.99,94.21,3,31.4,Drama,TV,8,3.58,1,0.18,11.74,0.051,23.5,5723,5650,5248,12-09-2025,1,Drama;Documentary
200627,20,Female,Australia,Hindi,Standard,08-06-2021,7.99,30.1,7,32.52,Drama,Mobile,3,3.29,0,1,13.3,0.026,4.22,5707,5430,5103,03-10-2025,0,Drama;Kids
200628,36,Male,India,Hindi,Basic,28-11-2020,3.99,28.09,3,35.4,Romance,Mobile,4,3.59,1,-0.3,10,0.075,8.17,5513,5997,5620,01-11-2025,0,Romance;Action
200629,24,Male,India,English,Free,13-07-2024,0,49.38,1,23.57,Action,Mobile,11,3.95,3,0.01,19.48,0.057,25.25,5104,5076,5712,19-10-2025,0,Action;Action
200630,40,Male,India,Telugu,Premium,11-01-2020,12.99,47.75,5,27.33,Drama,Desktop,4,3.85,0,1,19.57,0.093,6.42,5873,5339,5510,03-09-2025,0,Drama;Thriller
200631,20,Male,UK,Hindi,Free,22-08-2023,0,46.53,11,17.15,Action,Mobile,7,4.05,1,-0.03,10.95,0.09,4.37,5101,5765,5375,08-09-2025,1,Action;Thriller
200632,18,Female,Canada,Telugu,Basic,11-08-2021,3.99,50.16,6,25.77,Comedy,Mobile,1,4.34,1,0.13,8.88,0.038,8.16,5640,5450,5727,10-09-2025,1,Comedy;Action
200633,18,Female,India,Telugu,Standard,11-09-2024,7.99,37.11,5,35.94,Comedy,TV,3,4.58,2,0.44,8.4,0.024,5.94,5865,5079,5155,09-11-2025,0,Comedy;Action
200634,30,Male,UAE,Tamil,Standard,24-12-2020,7.99,168.12,7,38,Romance,TV,2,3.97,2,0.9,18.21,0.01,18.74,5305,5038,5087,04-11-2025,0,Romance;Drama
200635,34,Male,India,English,Free,03-07-2022,0,10.5,11,15.21,Romance,Tablet,6,3.16,1,0.29,8.01,0.109,1.04,5761,5318,5880,03-09-2025,1,Romance;Kids
200636,36,Other,Canada,Hindi,Free,29-09-2021,0,28.43,4,33.63,Comedy,Mobile,3,3.64,1,-0.33,3.23,0.066,5.8,5913,5328,5482,05-11-2025,0,Comedy;Kids
200637,40,Male,UK,English,Free,27-04-2020,0,25.18,4,40.63,Kids,Mobile,5,3.2,2,-0.05,4.13,0.002,5.07,5969,5430,5931,08-09-2025,1,Kids;Kids
200638,45,Male,UAE,Hindi,Standard,26-02-2025,7.99,9.95,2,33.37,Comedy,Tablet,8,4.82,2,0.52,16,0.079,3.91,5351,5163,5209,10-11-2025,0,Comedy;Comedy
200639,45,Male,India,English,Standard,03-02-2022,7.99,44.45,7,28.66,Romance,TV,8,4.99,0,0.02,3.81,0.004,5.35,5803,5358,5178,06-11-2025,0,Romance;Drama
200640,40,Female,Australia,Hindi,Basic,23-01-2025,3.99,87.28,3,30.88,Thriller,Mobile,2,4.19,3,-0.08,9.61,0.148,24.86,5451,5939,5586,11-11-2025,0,Thriller;Horror
200641,50,Female,UK,English,Standard,03-04-2023,7.99,45.83,5,29.59,Kids,Mobile,6,4.32,3,-0.36,12.61,0.127,8.25,5269,5640,5258,22-10-2025,0,Kids;Drama
200642,19,Male,India,English,Standard,30-12-2024,7.99,43.32,9,28.63,Kids,Desktop,7,3.95,3,0.92,1.91,0.008,5.14,5372,5670,5273,11-11-2025,0,Kids;Comedy
200643,45,Male,UAE,English,Free,26-01-2025,0,66.41,3,36.74,Drama,Mobile,3,4.02,1,0.13,13.09,0.072,16.13,5933,5329,5863,07-11-2025,0,Drama;Romance
200644,20,Female,India,English,Basic,22-06-2020,3.99,11.94,6,58.08,Kids,TV,4,2.84,1,0.13,10.05,0.346,1.98,5038,5831,5848,10-11-2025,0,Kids;Documentary
200645,19,Female,UAE,Hindi,Standard,30-03-2023,7.99,112.08,3,27.56,Documentary,Mobile,8,3.76,1,0.61,1,0.224,28.79,5846,5414,5024,28-10-2025,0,Documentary;Romance
200646,20,Male,India,Tamil,Basic,28-05-2025,3.99,5.56,6,31.82,Romance,Mobile,6,3.27,3,-0.62,13.17,0.039,0.79,5902,5881,5825,08-11-2025,0,Romance;Romance
200647,28,Female,UK,Hindi,Basic,27-07-2025,3.99,80.16,7,34.48,Drama,TV,5,3.97,0,0.23,14.37,0.006,9.24,5762,5595,5583,10-11-2025,0,Drama;Romance
200648,18,Male,India,English,Standard,19-08-2021,7.99,15.82,5,28.13,Romance,Mobile,2,3.76,1,1,13.11,0.007,2.69,5733,5925,5595,04-11-2025,0,Romance;Thriller
200649,34,Male,India,English,Premium,31-01-2020,12.99,35.07,5,45.98,Documentary,Mobile,6,4.97,2,0.16,15.03,0.009,6.01,5063,5962,5400,19-08-2025,1,Documentary;Horror
200650,30,Female,India,English,Standard,24-08-2021,7.99,17.36,4,11.29,Comedy,Mobile,5,4.35,4,0.33,13.55,0.013,4.03,5765,5476,5353,19-10-2025,0,Comedy;Drama
200651,45,Male,India,English,Standard,12-02-2023,7.99,91.64,12,29.69,Horror,Mobile,8,3.97,4,0.32,16.38,0.139,7.62,5505,5456,5804,09-11-2025,0,Horror;Thriller
200652,34,Female,India,Spanish,Standard,03-10-2024,7.99,56.78,5,43.18,Drama,TV,3,3.64,0,0.84,6.32,0.049,10.7,5945,5729,5301,30-10-2025,0,Drama;Kids
200653,34,Male,India,English,Basic,16-05-2023,3.99,68.92,3,32.06,Drama,Desktop,5,4.81,9,0.32,3.62,0.092,19.08,5265,5714,5010,11-11-2025,0,Drama;Thriller
200654,34,Male,USA,English,Standard,14-06-2022,7.99,62.97,7,26.79,Thriller,TV,4,3.78,0,1,5.03,0.058,7.17,5676,5790,5831,10-11-2025,0,Thriller;Comedy
200655,50,Other,India,English,Basic,07-04-2024,3.99,28.11,0,39.41,Thriller,Mobile,7,4,0,0.34,7.13,0.14,24.8,5535,5931,5043,05-11-2025,0,Thriller;Romance
200656,19,Male,India,English,Basic,24-09-2022,3.99,61.16,3,44.06,Action,Mobile,9,3.83,0,-0.06,24.13,0.022,13.81,5079,5938,5051,10-09-2025,1,Action;Action
200657,20,Female,UK,Hindi,Standard,26-02-2025,7.99,66.58,12,37.11,Drama,Mobile,6,3.56,0,1,7.18,0.133,4.4,5630,5152,5719,26-10-2025,0,Drama;Romance
200658,32,Male,India,Hindi,Standard,28-06-2024,7.99,61.53,4,26.99,Horror,Desktop,13,3.82,0,0.07,8.87,0.141,11.74,5185,5538,5107,16-10-2025,0,Horror;Drama
200659,28,Male,Canada,English,Basic,08-09-2021,3.99,26.9,8,39.56,Drama,Desktop,3,2.62,4,-0.16,10.59,0.004,3.17,5946,5415,5771,11-11-2025,0,Drama;Horror
200660,22,Male,UAE,English,Premium,08-01-2020,12.99,70.33,7,30.98,Drama,Desktop,7,2.87,1,-0.51,9.86,0.004,8.92,5495,5343,5706,09-11-2025,0,Drama;Thriller
200661,34,Female,USA,English,Free,18-08-2022,0,22.15,4,42.45,Drama,Mobile,5,4.01,2,0.49,22.89,0.056,4.75,5571,5766,5235,06-11-2025,0,Drama;Drama
200662,24,Male,USA,English,Basic,26-05-2023,3.99,29.28,8,49.83,Thriller,Mobile,6,4.74,2,-0.07,1.65,0.046,3.07,5370,5386,5490,03-11-2025,0,Thriller;Thriller
200663,19,Female,Canada,English,Free,06-07-2024,0,30.49,5,8.94,Kids,Mobile,11,4.01,1,-0.27,25.11,0.032,4.48,5903,5763,5675,19-08-2025,1,Kids;Thriller
200664,45,Male,India,French,Standard,05-01-2021,7.99,234.73,5,36.11,Action,Mobile,7,3.37,3,-0.14,12.87,0.033,34.47,5815,5167,5475,20-10-2025,0,Action;Thriller
200665,36,Female,India,Hindi,Standard,23-09-2020,7.99,30.27,5,17.64,Documentary,Mobile,4,2.93,1,-0.02,17.77,0.049,5.25,5764,5865,5581,01-11-2025,0,Documentary;Action
200666,45,Male,India,Hindi,Basic,01-09-2020,3.99,119.77,4,59.42,Drama,Desktop,8,4.27,0,0.7,12.12,0.129,20.74,5601,5472,5847,09-11-2025,0,Drama;Kids
200667,30,Female,UK,English,Standard,08-02-2022,7.99,89.42,7,30.32,Thriller,Mobile,6,3.46,3,0.49,16.89,0.05,10.72,5741,5140,5292,27-10-2025,0,Thriller;Romance
200668,22,Female,India,English,Basic,20-07-2022,3.99,33.16,3,42.46,Thriller,Mobile,4,4.19,4,0.11,6.33,0.041,7.34,5855,5229,5817,09-11-2025,0,Thriller;Thriller
200669,32,Female,USA,Hindi,Standard,28-05-2020,7.99,19.98,6,34.65,Thriller,Mobile,4,4.03,1,0.54,3.87,0.071,3.04,5331,5073,5481,09-10-2025,0,Thriller;Comedy
200670,24,Female,Australia,Hindi,Basic,12-12-2021,3.99,9.35,3,26.97,Drama,Desktop,7,4.09,2,0.14,27.56,0.007,2.45,5440,5428,5769,11-11-2025,0,Drama;Documentary
200671,45,Female,UAE,Hindi,Basic,30-11-2023,3.99,26.43,6,25.78,Action,Mobile,8,3.82,2,0.32,23.48,0.003,3.6,5238,5299,5460,04-09-2025,1,Action;Documentary
200672,32,Female,India,English,Premium,15-09-2025,12.99,68.64,6,50.86,Thriller,TV,3,4.03,2,-0.2,5.68,0.038,8.35,5904,5236,5938,11-11-2025,0,Thriller;Thriller
200673,22,Male,India,Hindi,Basic,17-12-2024,3.99,85.36,4,44.56,Romance,Desktop,8,3.73,0,-0.19,16.3,0.003,15.1,5292,5707,5425,06-11-2025,0,Romance;Romance
200674,34,Male,UAE,English,Free,19-09-2023,0,53.71,2,54.44,Thriller,Mobile,6,3.42,2,0.29,18.95,0.045,17.7,5426,5983,5329,01-11-2025,0,Thriller;Romance
200675,24,Female,USA,Telugu,Standard,12-12-2022,7.99,44.58,13,35.55,Drama,TV,8,3.22,0,0.29,15.96,0.011,3.79,5295,5600,5185,31-10-2025,0,Drama;Kids
200676,32,Female,India,Hindi,Premium,26-01-2021,12.99,47.6,9,37.88,Action,Mobile,3,2.37,2,0.81,10.75,0.066,4.32,5833,5097,5767,27-10-2025,0,Action;Kids
200677,30,Female,India,Hindi,Basic,18-04-2024,3.99,31.95,9,32.33,Drama,Mobile,3,3.69,4,0.5,24.15,0.112,2.8,5500,5478,5506,03-11-2025,0,Drama;Action
200678,20,Male,Canada,English,Free,20-01-2020,0,27.92,0,32.13,Documentary,Desktop,7,4.71,1,-0.1,16.13,0.059,24.8,5556,5678,5628,09-11-2025,0,Documentary;Thriller
200679,18,Male,USA,Hindi,Basic,08-11-2020,3.99,20.95,6,24.58,Action,TV,6,4.24,1,-0.57,6.43,0.022,3.24,5845,5491,5916,20-10-2025,0,Action;Comedy
200680,20,Male,UAE,English,Standard,14-04-2024,7.99,62.25,2,35.84,Drama,Mobile,6,3.94,1,0.73,9.68,0.065,24.19,5592,5962,5478,26-10-2025,0,Drama;Action
200681,22,Female,UAE,English,Free,14-02-2020,0,29.15,1,27.11,Horror,Mobile,4,3.36,2,0.4,5.58,0.096,12.1,5686,5296,5014,10-11-2025,0,Horror;Action
200682,19,Male,USA,English,Standard,08-09-2021,7.99,59.41,10,39.42,Thriller,Mobile,3,4.4,3,0.78,11.36,0.059,5.94,5653,5406,5890,25-10-2025,0,Thriller;Thriller
200683,18,Male,India,Hindi,Premium,07-03-2025,12.99,187.87,7,36.7,Drama,Mobile,7,3.73,1,0.48,11.16,0.001,23.43,5037,5715,5727,07-10-2025,0,Drama;Thriller
200684,28,Female,India,English,Basic,26-06-2022,3.99,97.56,3,37.88,Action,Mobile,7,4.74,3,1,16.53,0.002,27.56,5526,5447,5093,01-11-2025,0,Action;Action
200685,30,Male,India,English,Basic,07-06-2025,3.99,55.16,7,51.75,Comedy,Mobile,7,3.21,4,0.07,16.44,0.009,6.68,5634,5699,5746,08-11-2025,0,Comedy;Action
200686,28,Female,India,Spanish,Basic,29-07-2021,3.99,50.96,6,34.62,Romance,Mobile,5,3.35,1,0.22,14.33,0.194,5.84,5397,5972,5995,02-11-2025,0,Romance;Horror
200687,50,Male,UK,English,Free,21-01-2022,0,110.31,7,42.57,Romance,Desktop,4,3.29,2,0.67,14.17,0.073,14.8,5750,5275,5180,08-09-2025,1,Romance;Action
200688,24,Female,USA,Hindi,Premium,02-08-2024,12.99,1.87,7,55.52,Horror,Mobile,4,2.91,3,0.72,18.26,0.103,0.26,5396,5020,5987,31-10-2025,0,Horror;Horror
200689,40,Male,Canada,English,Basic,21-02-2021,3.99,78.71,5,48.07,Thriller,Mobile,7,3.24,3,0.4,10.64,0.041,15.23,5567,5887,5566,04-11-2025,0,Thriller;Drama
200690,18,Male,India,English,Basic,01-12-2023,3.99,183.78,9,46.53,Thriller,Mobile,5,3.86,0,-0.75,1,0.018,18.89,5924,5585,5305,16-10-2025,0,Thriller;Action
200691,28,Male,USA,Tamil,Standard,17-09-2022,7.99,42.79,3,31.93,Romance,Desktop,4,3.37,2,-0.86,24.67,0.013,9.08,5022,5427,5475,02-11-2025,0,Romance;Horror
200692,45,Male,USA,English,Basic,17-02-2025,3.99,50.69,3,37.3,Drama,Mobile,3,1.49,3,-0.03,6.54,0.002,12.01,5340,5954,5542,09-11-2025,0,Drama;Romance
200693,28,Male,USA,English,Standard,30-05-2020,7.99,53.61,6,21.82,Thriller,Mobile,3,4.44,4,0.21,16.17,0.079,8.53,5495,5850,5899,30-10-2025,0,Thriller;Documentary
200694,32,Male,UK,Hindi,Free,02-05-2021,0,33.85,6,39.99,Thriller,Mobile,3,2.79,2,-0.92,9.96,0.197,4.82,5403,5361,5524,08-11-2025,0,Thriller;Comedy
200695,20,Female,India,Hindi,Standard,13-01-2025,7.99,114.75,5,37.74,Drama,TV,6,4.15,1,0.18,20.39,0.193,20.65,5203,5310,5111,08-11-2025,0,Drama;Comedy
200696,32,Male,India,Hindi,Premium,24-12-2023,12.99,203.42,6,35.23,Comedy,Mobile,5,3.82,3,0.59,6.23,0.086,23.3,5926,5594,5415,07-11-2025,0,Comedy;Documentary
200697,50,Female,India,English,Standard,04-04-2022,7.99,46.1,9,45.27,Documentary,Desktop,5,5,2,0.16,7.74,0.002,3.82,5950,5808,5421,11-11-2025,0,Documentary;Thriller
200698,18,Female,India,English,Premium,01-12-2023,12.99,131.72,6,22.92,Documentary,Tablet,4,4.4,1,0.38,9.01,0.066,20.18,5346,5356,5411,08-10-2025,0,Documentary;Kids
200699,18,Female,India,Tamil,Free,07-06-2024,0,55.9,4,51.35,Drama,TV,8,3.5,4,0.55,15.33,0.223,10.24,5015,5027,5884,04-11-2025,0,Drama;Action
200700,50,Male,USA,Hindi,Basic,16-04-2020,3.99,31.31,5,44.02,Drama,TV,7,3.38,5,-0.76,13.34,0.036,4.98,5030,5653,5920,28-10-2025,0,Drama;Horror
200701,22,Male,Canada,Telugu,Standard,06-04-2022,7.99,72.74,8,34.29,Comedy,Mobile,4,4.7,2,0.59,15.39,0.095,8.54,5029,5047,5624,09-11-2025,0,Comedy;Comedy
200702,32,Male,USA,Telugu,Standard,18-03-2025,7.99,78.21,5,33.51,Documentary,Mobile,3,2.91,1,-0.24,12.76,0.07,11.01,5764,5456,5681,29-10-2025,0,Documentary;Comedy
200703,26,Male,UK,Telugu,Basic,15-09-2024,3.99,7.77,4,39.81,Drama,Tablet,4,3.91,3,0.06,17.59,0.424,1.76,5160,5112,5616,03-11-2025,0,Drama;Romance
200704,45,Other,India,English,Basic,26-10-2021,3.99,59.83,10,50.21,Romance,Mobile,7,3.72,3,-0.2,17.69,0.003,4.67,5629,5747,5960,07-09-2025,1,Romance;Romance
200705,36,Male,USA,English,Free,05-05-2022,0,3.65,2,36.02,Drama,Mobile,9,3.59,2,0.84,21.09,0.029,1.33,5670,5663,5523,07-10-2025,0,Drama;Drama
200706,20,Female,India,Tamil,Basic,16-10-2024,3.99,68.9,7,36.44,Action,TV,8,4.01,3,-0.5,14.06,0.179,7.9,5620,5375,5859,05-11-2025,0,Action;Documentary
200707,18,Female,India,English,Free,08-11-2024,0,35.74,9,35.18,Comedy,Mobile,3,3.91,0,1,14.03,0.062,3.23,5627,5315,5329,02-09-2025,1,Comedy;Drama
200708,22,Female,India,English,Standard,13-10-2020,7.99,115.51,8,52.82,Romance,Mobile,5,4.07,4,1,22.6,0.043,14.48,5272,5845,5272,11-11-2025,0,Romance;Horror
200709,40,Female,India,Telugu,Basic,21-06-2022,3.99,0.89,10,31.31,Drama,Mobile,6,3.88,1,-0.73,19.18,0.13,0.08,5420,5126,5014,08-11-2025,0,Drama;Comedy
200710,45,Male,India,Spanish,Free,13-06-2025,0,59.21,5,34.7,Action,Mobile,7,4.05,0,-0.15,15.11,0.085,8.71,5850,5007,5175,21-10-2025,0,Action;Thriller
200711,32,Male,India,English,Standard,25-11-2021,7.99,110.45,7,49.63,Drama,Desktop,6,3.86,2,0.57,3.63,0.012,11.06,5489,5562,5158,28-10-2025,0,Drama;Comedy
200712,20,Female,India,English,Standard,21-01-2021,7.99,169.49,12,36.47,Romance,Mobile,5,3.4,2,-0.4,1.9,0.151,15.5,5176,5360,5622,04-11-2025,0,Romance;Thriller
200713,40,Male,Australia,English,Premium,26-01-2022,12.99,15.47,11,46.37,Documentary,Mobile,8,3.8,0,0.04,15.68,0.057,1.25,5231,5578,5664,19-10-2025,0,Documentary;Kids
200714,32,Male,India,Telugu,Standard,05-05-2024,7.99,90.14,5,25.89,Drama,Mobile,7,3.37,3,0.31,15.92,0.002,14.41,5796,5899,5234,05-11-2025,0,Drama;Comedy
200715,28,Male,India,Spanish,Basic,02-10-2020,3.99,5.06,6,32.95,Documentary,TV,4,3.33,4,-0.23,7.66,0.011,0.59,5318,5362,5141,03-11-2025,0,Documentary;Romance
200716,40,Male,India,English,Standard,05-07-2024,7.99,86.95,5,49.84,Action,TV,6,3.6,2,0.25,14.12,0.152,16.78,5762,5679,5481,07-11-2025,0,Action;Action
200717,50,Male,USA,English,Standard,22-02-2025,7.99,124.11,7,28.24,Drama,Mobile,9,3.73,0,0.77,6.52,0.01,13.28,5467,5983,5119,02-11-2025,0,Drama;Comedy
200718,22,Male,India,Telugu,Free,22-05-2025,0,14.38,4,33.49,Comedy,TV,6,3.82,2,0.15,15.43,0.345,2.69,5440,5764,5382,08-11-2025,0,Comedy;Drama
200719,20,Female,India,English,Standard,09-03-2020,7.99,45.46,4,37.57,Drama,Mobile,5,4.35,3,-0.42,15.59,0.095,8.81,5056,5775,5521,07-11-2025,0,Drama;Kids
200720,34,Female,India,Hindi,Premium,31-08-2020,12.99,73.6,7,25.11,Romance,Desktop,4,3.5,2,0.9,15.55,0.05,10.34,5331,5708,5689,09-10-2025,0,Romance;Kids
200721,24,Female,India,French,Basic,09-03-2024,3.99,9.06,4,30.86,Romance,Mobile,3,3.92,2,1,14.01,0.037,1.71,5273,5695,5410,10-11-2025,0,Romance;Thriller
200722,24,Male,India,English,Basic,19-06-2024,3.99,58.97,6,36.13,Drama,TV,0,3.87,3,0.42,10.24,0.056,8.53,5702,5264,5049,10-11-2025,0,Drama;Thriller
200723,20,Male,India,Hindi,Free,19-05-2025,0,3.85,7,35.47,Thriller,Mobile,6,3.43,2,-0.39,10.73,0.148,0.47,5021,5800,5810,11-11-2025,0,Thriller;Comedy
200724,40,Male,India,English,Free,30-01-2022,0,23.58,1,47.8,Romance,Mobile,3,3.84,1,-0.33,18.95,0.123,10.9,5165,5275,5941,08-11-2025,0,Romance;Horror
200725,32,Female,India,English,Basic,04-06-2025,3.99,123.68,8,50.41,Kids,Mobile,4,4.4,1,-1,14.49,0.033,16.2,5492,5630,5370,06-11-2025,0,Kids;Thriller
200726,22,Female,India,Telugu,Standard,02-01-2022,7.99,65.11,6,26.44,Thriller,Desktop,4,3.91,3,-0.16,14.93,0.162,10.41,5883,5396,5333,11-11-2025,0,Thriller;Drama
200727,36,Male,UAE,English,Free,29-03-2020,0,8.39,5,36.11,Horror,Mobile,8,3.94,1,0.84,12.52,0.013,1.22,5418,5313,5149,04-11-2025,0,Horror;Romance
200728,24,Female,USA,French,Premium,17-01-2025,12.99,28.57,5,41.74,Thriller,Desktop,3,3.38,4,-0.21,15.91,0.111,4.87,5993,5906,5157,03-11-2025,0,Thriller;Action
200729,22,Male,India,Hindi,Standard,01-04-2024,7.99,10.42,6,50.16,Comedy,Mobile,4,4.98,1,-0.37,17.75,0.105,1.67,5797,5974,5604,29-10-2025,0,Comedy;Horror
200730,24,Female,India,English,Standard,07-03-2022,7.99,87.41,4,42.18,Documentary,Mobile,2,3.41,3,0.81,8.23,0.154,18.04,5580,5859,5152,05-10-2025,0,Documentary;Action
200731,28,Female,Canada,English,Standard,25-07-2023,7.99,17.24,10,37.91,Thriller,Mobile,5,2.8,2,0.89,15.56,0,1.56,5992,5492,5461,03-09-2025,1,Thriller;Thriller
200732,32,Female,India,English,Free,19-06-2024,0,51.72,6,41.67,Thriller,Desktop,7,4.32,3,-0.12,10.64,0.385,6.12,5956,5789,5376,10-11-2025,0,Thriller;Comedy
200733,28,Female,India,English,Basic,08-04-2020,3.99,45.68,6,41.74,Thriller,Mobile,9,3.73,1,0.51,13.88,0.024,5.5,5267,5404,5682,11-11-2025,0,Thriller;Thriller
200734,45,Female,USA,English,Standard,16-07-2025,7.99,7.05,8,25.72,Documentary,Desktop,8,3.62,1,-0.32,17.01,0.103,0.7,5730,5377,5596,27-10-2025,0,Documentary;Kids
200735,24,Male,India,English,Standard,03-01-2021,7.99,7.75,4,36.93,Documentary,Desktop,10,3.47,4,-0.01,3.29,0.035,1.56,5338,5644,5871,01-11-2025,0,Documentary;Drama
200736,34,Female,India,English,Standard,05-05-2022,7.99,24.89,2,49.59,Comedy,Desktop,6,4.92,1,-0.89,5.5,0.11,9.91,5896,5659,5839,10-11-2025,0,Comedy;Documentary
200737,34,Male,India,Tamil,Basic,08-06-2021,3.99,34.93,4,32.93,Comedy,Mobile,14,4.01,1,0.42,8.04,0.045,7.83,5885,5541,5425,10-09-2025,1,Comedy;Comedy
200738,28,Female,UAE,Hindi,Premium,06-08-2022,12.99,166.38,11,36.29,Thriller,TV,3,4.13,3,0.14,7.62,0.069,11.7,5608,5839,5048,29-10-2025,0,Thriller;Romance
200739,50,Female,India,Hindi,Free,26-03-2025,0,39.59,4,32.57,Thriller,TV,6,3.9,0,-0.2,11.03,0.048,8.61,5188,5320,5335,03-11-2025,0,Thriller;Drama
200740,34,Female,UK,English,Premium,16-10-2021,12.99,118.22,10,11.86,Drama,Mobile,8,3.96,2,0.14,22.15,0.045,12.08,5475,5225,5729,03-11-2025,0,Drama;Romance
200741,24,Male,Australia,English,Premium,16-07-2024,12.99,56.62,8,35.21,Romance,TV,4,4.64,1,0.07,19.07,0.033,6.08,5208,5456,5995,09-11-2025,0,Romance;Horror
200742,20,Female,India,Hindi,Free,25-02-2020,0,5.28,3,38.02,Thriller,Mobile,6,3.65,3,-0.3,8.52,0.013,1.23,5074,5651,5589,02-11-2025,0,Thriller;Comedy
200743,28,Female,India,English,Standard,16-10-2024,7.99,85.12,6,29.88,Comedy,Mobile,8,2.93,1,0.44,17.21,0.072,12.57,5876,5289,5555,28-10-2025,0,Comedy;Romance
200744,45,Female,India,English,Free,13-08-2022,0,30.03,2,23.45,Drama,Mobile,9,4.32,1,0.02,11.74,0.184,10.09,5674,5281,5776,21-10-2025,0,Drama;Drama
200745,36,Male,India,Telugu,Basic,23-03-2022,3.99,24.99,8,26.19,Drama,Mobile,6,4.1,3,0.12,14.06,0.212,2.52,5673,5417,5469,29-10-2025,0,Drama;Drama
200746,36,Male,India,Tamil,Standard,10-04-2024,7.99,58.54,3,42.64,Kids,Mobile,9,3.86,1,-0.68,6.11,0.169,14.03,5394,5484,5575,03-11-2025,0,Kids;Thriller
200747,19,Male,Canada,Hindi,Standard,04-11-2024,7.99,30.35,1,54.73,Comedy,Mobile,1,4.08,3,0.12,4.08,0.08,15.44,5490,5538,5245,31-10-2025,0,Comedy;Documentary
200748,40,Male,UK,English,Premium,28-08-2020,12.99,39.81,3,48.82,Drama,TV,6,3.58,3,0.09,16.39,0.185,10.27,5572,5804,5632,05-11-2025,0,Drama;Comedy
200749,32,Female,USA,Tamil,Standard,30-01-2025,7.99,75.79,5,21.56,Thriller,Mobile,6,3.81,4,-0.3,12.2,0.041,12.79,5026,5779,5831,09-11-2025,0,Thriller;Action
200750,34,Male,India,Hindi,Basic,23-03-2023,3.99,58.66,5,43.55,Comedy,Mobile,7,3.72,3,0.52,15.14,0.005,11.13,5874,5798,5262,22-08-2025,1,Comedy;Kids
200751,34,Female,UAE,Tamil,Standard,09-08-2020,7.99,10.56,9,28.37,Drama,Mobile,4,3.45,3,-1,21.56,0.151,0.86,5537,5313,5842,04-11-2025,0,Drama;Documentary
200752,40,Male,Canada,Tamil,Premium,20-04-2023,12.99,59.48,5,29.18,Comedy,Mobile,13,4.51,0,-0.09,10.57,0.015,9.25,5770,5609,5250,02-11-2025,0,Comedy;Action
200753,18,Male,UAE,Telugu,Free,26-04-2024,0,19,5,30.38,Thriller,TV,3,2.95,3,0.39,10.62,0.043,3.48,5858,5650,5497,26-09-2025,0,Thriller;Horror
200754,45,Female,India,Hindi,Premium,07-12-2022,12.99,195.66,5,42.06,Thriller,Mobile,5,5,2,1,22.61,0.011,34.59,5852,5989,5052,30-09-2025,0,Thriller;Romance
200755,26,Female,USA,English,Free,08-11-2020,0,50.07,3,44.59,Comedy,TV,4,4.33,4,-0.62,12.1,0.019,14.61,5515,5793,5489,03-11-2025,0,Comedy;Action
200756,28,Female,India,Hindi,Standard,03-07-2020,7.99,92.28,9,34.02,Thriller,Mobile,4,2.73,1,0.25,7.18,0.023,9.55,5800,5608,5789,11-11-2025,0,Thriller;Action
200757,50,Female,India,Hindi,Basic,02-06-2024,3.99,24.05,7,34.19,Horror,TV,8,3.67,1,0.53,16.41,0.077,3.17,5257,5964,5142,07-09-2025,1,Horror;Kids
200758,45,Female,India,Tamil,Free,11-12-2021,0,10.26,3,39.64,Comedy,Mobile,3,3.7,0,0.24,10.57,0.057,2.78,5280,5057,5372,16-08-2025,1,Comedy;Drama
200759,30,Male,USA,English,Basic,13-04-2025,3.99,20.42,8,40.68,Comedy,Mobile,2,4.04,2,-0.54,7.06,0.007,1.98,5818,5123,5251,08-11-2025,0,Comedy;Drama
200760,34,Other,USA,English,Standard,08-08-2024,7.99,123.01,12,46.76,Drama,TV,4,3.21,0,-0.09,12.54,0.064,10.42,5939,5743,5314,31-08-2025,0,Drama;Drama
200761,32,Female,India,Spanish,Basic,31-05-2021,3.99,13.32,5,22.16,Thriller,Mobile,5,3.82,2,-1,16.96,0.004,2.04,5760,5290,5225,11-11-2025,0,Thriller;Action
200762,19,Female,India,Tamil,Free,22-09-2023,0,97.08,1,35.2,Romance,TV,5,3.73,2,0.2,5.04,0.036,47.07,5556,5598,5665,03-11-2025,0,Romance;Romance
200763,36,Male,India,Spanish,Standard,24-01-2020,7.99,61.55,4,24.32,Drama,TV,6,3.36,1,-0.65,4.91,0.043,9.92,5033,5973,5056,04-11-2025,0,Drama;Comedy
200764,34,Female,India,Tamil,Premium,24-01-2024,12.99,238.06,10,34.49,Romance,Mobile,7,3.27,0,0.47,11.52,0.225,24.62,5294,5310,5339,09-11-2025,0,Romance;Kids
200765,19,Male,India,Hindi,Basic,16-11-2020,3.99,89.17,6,32.74,Drama,Mobile,6,4.35,4,-0.19,5.4,0.007,15.05,5624,5563,5521,13-10-2025,0,Drama;Thriller
200766,24,Male,India,Hindi,Basic,27-12-2024,3.99,5.36,7,34.53,Comedy,Mobile,4,2.78,3,-0.25,4.34,0.009,0.55,5308,5228,5753,03-09-2025,1,Comedy;Horror
200767,45,Male,UK,Spanish,Basic,06-12-2022,3.99,22.01,4,27,Romance,Desktop,10,4.09,2,0.3,12.04,0.17,4.64,5291,5006,5500,09-11-2025,0,Romance;Romance
200768,24,Male,India,Hindi,Free,18-03-2025,0,37.99,6,20.13,Comedy,TV,7,4.28,0,0.36,18.64,0.105,6.43,5785,5443,5997,07-11-2025,0,Comedy;Kids
200769,26,Female,India,Hindi,Standard,16-02-2021,7.99,34.82,5,14.06,Thriller,Mobile,5,3.67,1,0.72,16.73,0.158,6.05,5826,5310,5484,30-10-2025,0,Thriller;Horror
200770,20,Female,India,English,Standard,29-11-2020,7.99,88.41,2,33.69,Drama,Mobile,2,3.83,0,0.04,11.36,0.003,32.98,5304,5785,5164,08-11-2025,0,Drama;Horror
200771,30,Female,Canada,English,Standard,28-06-2025,7.99,250.39,3,30.69,Romance,Mobile,5,4.5,3,0.14,19.7,0.136,53.04,5043,5922,5441,22-08-2025,1,Romance;Kids
200772,45,Male,USA,Hindi,Basic,10-11-2021,3.99,121.74,3,28.24,Drama,Desktop,4,3.38,2,-0.63,22.41,0.051,27.33,5816,5856,5975,10-11-2025,0,Drama;Drama
200773,18,Male,USA,English,Standard,27-09-2021,7.99,34.59,6,48.23,Documentary,Mobile,3,3.44,0,1,14.95,0.014,4.64,5556,5905,5133,08-11-2025,0,Documentary;Romance
200774,26,Male,India,English,Standard,23-03-2024,7.99,204.15,2,26.41,Drama,Mobile,2,3.5,1,-0.36,9.8,0.033,81.15,5801,5002,5081,10-11-2025,0,Drama;Comedy
200775,22,Other,USA,English,Standard,05-05-2020,7.99,39.47,5,49.17,Documentary,Desktop,2,4.5,3,0.63,21.38,0.035,7.32,5971,5788,5350,10-11-2025,0,Documentary;Documentary
200776,18,Male,India,English,Standard,15-02-2023,7.99,52.18,4,51.24,Comedy,Mobile,6,4.58,1,0.64,21.11,0.094,12.05,5599,5603,5647,08-11-2025,0,Comedy;Drama
200777,28,Female,USA,English,Standard,21-09-2020,7.99,80.31,6,15.49,Romance,Mobile,12,2.96,2,0.44,13.52,0.06,11.41,5742,5774,5134,01-09-2025,0,Romance;Comedy
200778,32,Female,Canada,English,Standard,24-09-2024,7.99,62.37,4,35.92,Comedy,Tablet,7,4.4,1,0.06,19.34,0.011,13.56,5480,5754,5975,11-11-2025,0,Comedy;Documentary
200779,45,Male,USA,Spanish,Basic,09-12-2022,3.99,117.49,5,31,Kids,TV,1,4.29,2,-0.02,7.31,0.023,21.4,5083,5987,5052,09-11-2025,0,Kids;Thriller
200780,22,Female,UAE,Hindi,Premium,08-07-2022,12.99,248.51,5,5.88,Drama,Mobile,8,4.73,3,0.16,1,0.001,42.56,5204,5375,5494,08-11-2025,0,Drama;Romance
200781,22,Male,UK,English,Standard,23-09-2020,7.99,88.74,6,20.55,Drama,Mobile,4,4.03,1,-0.94,6.17,0.006,14.59,5988,5246,5202,02-11-2025,0,Drama;Thriller
200782,26,Female,India,English,Standard,26-12-2021,7.99,14.98,3,42.75,Thriller,Mobile,3,3.77,2,0.18,13.24,0.045,3.23,5642,5472,5710,29-10-2025,0,Thriller;Kids
200783,40,Female,Canada,Hindi,Basic,08-03-2022,3.99,119.18,8,55.19,Drama,Mobile,10,4.49,1,1,11.55,0.038,10.9,5138,5591,5618,29-10-2025,0,Drama;Action
200784,20,Male,India,English,Standard,30-12-2023,7.99,170.43,2,44.03,Drama,Desktop,2,4.22,2,0.06,17.77,0.002,52.36,5083,5823,5823,11-11-2025,0,Drama;Romance
200785,45,Male,India,Telugu,Standard,05-08-2022,7.99,59.78,12,38.24,Kids,Mobile,7,5,2,0.18,3.09,0.204,3.84,5924,5304,5756,01-11-2025,0,Kids;Kids
200786,40,Female,India,Hindi,Basic,21-07-2023,3.99,7.83,8,34.79,Horror,TV,3,4.38,3,-0.41,3.2,0.081,0.72,5687,5058,5508,02-11-2025,0,Horror;Documentary
200787,26,Female,India,Tamil,Free,24-05-2020,0,5.22,4,51.83,Comedy,Desktop,5,3.89,1,0.31,16.57,0.109,1.01,5648,5225,5745,04-11-2025,0,Comedy;Action
200788,28,Male,India,English,Standard,10-11-2022,7.99,20.09,4,56.48,Kids,Mobile,5,3.1,0,-0.27,3.38,0.097,3.54,5619,5426,5973,07-11-2025,0,Kids;Comedy
200789,36,Female,India,Hindi,Standard,25-09-2020,7.99,55.62,6,29.13,Thriller,Mobile,9,3.45,2,0.71,10.38,0.187,8.87,5151,5202,5014,27-10-2025,0,Thriller;Action
200790,34,Female,India,English,Standard,07-09-2024,7.99,161.45,3,15,Comedy,Mobile,2,2.94,4,0.88,12.15,0.068,41.65,5944,5917,5385,07-11-2025,0,Comedy;Documentary
200791,34,Female,USA,Spanish,Basic,12-03-2021,3.99,83.6,4,14.02,Romance,Desktop,7,3.67,2,1,8.1,0.005,15.79,5621,5518,5737,09-11-2025,0,Romance;Documentary
200792,20,Male,India,Hindi,Standard,17-02-2021,7.99,130.51,5,48.22,Action,Desktop,5,4.36,2,-0.67,15.47,0.057,19.89,5734,5030,5723,08-11-2025,0,Action;Comedy
200793,28,Female,India,English,Free,20-12-2020,0,44.5,4,34.53,Horror,Mobile,6,3.8,2,0.63,1,0.02,9.12,5860,5151,5201,07-09-2025,1,Horror;Thriller
200794,50,Female,USA,English,Basic,25-07-2020,3.99,50.7,8,36.83,Comedy,TV,4,4.41,2,0.59,22.99,0.023,5.48,5319,5548,5165,09-11-2025,0,Comedy;Drama
200795,20,Male,India,English,Free,23-05-2021,0,34.73,2,17.09,Action,Mobile,5,4,1,-0.05,10.02,0.022,9.52,5845,5110,5561,03-09-2025,1,Action;Horror
200796,45,Male,UK,Hindi,Basic,02-02-2025,3.99,16.38,5,27.47,Drama,Desktop,6,3.56,0,0.92,10.98,0.232,2.91,5247,5121,5908,21-10-2025,0,Drama;Thriller
200797,45,Female,USA,English,Basic,18-04-2023,3.99,17.5,5,32.05,Drama,Mobile,10,3.85,0,0.45,28.16,0,2.92,5037,5241,5133,02-11-2025,0,Drama;Horror
200798,19,Male,UAE,Hindi,Basic,23-09-2020,3.99,34.45,7,37.08,Drama,Mobile,7,4.08,2,1,3.84,0.05,3.92,5268,5771,5582,06-11-2025,0,Drama;Kids
200799,40,Female,USA,English,Free,22-03-2025,0,21.03,3,31.01,Horror,Desktop,2,3.88,2,-0.56,5.73,0.171,4.82,5586,5602,5884,27-10-2025,0,Horror;Horror
200800,50,Female,India,Hindi,Basic,25-10-2023,3.99,49.74,7,24.63,Romance,Mobile,7,3.89,1,-0.23,20.43,0,6.1,5115,5930,5119,29-10-2025,0,Romance;Action
200801,34,Male,USA,Telugu,Standard,15-03-2025,7.99,139.53,4,27.15,Romance,Mobile,5,3.34,0,0.26,2.66,0.219,31.56,5081,5030,5651,07-11-2025,0,Romance;Comedy
200802,22,Female,India,Tamil,Basic,20-04-2021,3.99,17.46,12,47.08,Thriller,Mobile,9,3.54,1,0.9,14.97,0.175,1.3,5705,5466,5755,02-11-2025,0,Thriller;Action
200803,40,Male,India,Tamil,Basic,06-10-2021,3.99,33.48,3,37.45,Comedy,Mobile,4,5,2,0.47,8.36,0.017,9.51,5726,5465,5693,29-10-2025,0,Comedy;Horror
200804,30,Female,UK,English,Standard,28-04-2022,7.99,109.36,0,41.12,Drama,Mobile,7,4.54,3,-0.37,2.3,0.113,106.07,5527,5237,5486,09-11-2025,0,Drama;Documentary
200805,45,Male,India,English,Free,08-03-2021,0,53.6,8,26.01,Comedy,Desktop,3,2.92,1,1,15.16,0.01,6.74,5336,5371,5183,08-09-2025,1,Comedy;Kids
200806,32,Female,UK,Hindi,Standard,15-05-2025,7.99,77.16,14,5.46,Comedy,Mobile,7,2.38,4,0.02,15.34,0.02,6.03,5084,5682,5458,10-11-2025,0,Comedy;Kids
200807,28,Male,UAE,English,Free,11-03-2020,0,37.63,4,29.77,Romance,Mobile,6,3.85,1,-0.35,12.01,0.02,6.08,5887,5149,5335,29-09-2025,0,Romance;Drama
200808,18,Male,UAE,English,Free,21-01-2021,0,29.85,3,26.33,Thriller,TV,3,4.34,3,-0.27,24.41,0.042,6.16,5778,5374,5562,11-11-2025,0,Thriller;Romance
200809,20,Female,Canada,English,Standard,09-07-2020,7.99,65.88,3,38.49,Drama,Mobile,5,3.49,1,-0.6,7.37,0.299,14.06,5810,5600,5693,11-09-2025,1,Drama;Romance
200810,45,Male,India,English,Standard,28-01-2020,7.99,205.94,3,67.86,Drama,Mobile,4,4.41,2,-1,17.2,0.002,43.7,5154,5516,5637,05-11-2025,0,Drama;Romance
200811,40,Female,India,English,Premium,30-12-2024,12.99,23.41,7,41.95,Drama,TV,7,3.84,1,0.13,13.96,0.017,2.87,5817,5433,5231,22-10-2025,0,Drama;Action
200812,50,Male,USA,Telugu,Standard,03-02-2020,7.99,56.09,6,62.36,Comedy,Desktop,6,3.7,3,-0.73,17.83,0.013,8.86,5253,5252,5311,07-11-2025,0,Comedy;Horror
200813,32,Female,India,English,Premium,24-06-2023,12.99,35.52,5,40.69,Kids,TV,3,4.25,1,0.39,8.98,0.016,7.01,5502,5944,5860,28-10-2025,0,Kids;Romance
200814,40,Male,USA,Hindi,Free,23-06-2020,0,50.25,2,28.7,Action,TV,3,3.48,3,0.79,3.69,0.048,16.2,5919,5473,5003,31-10-2025,0,Action;Comedy
200815,18,Female,UK,English,Free,04-09-2022,0,31.83,4,38.48,Romance,Mobile,2,3.63,0,0.43,7.91,0.015,6.85,5448,5563,5888,01-11-2025,0,Romance;Drama
200816,32,Male,USA,Hindi,Free,06-10-2023,0,21.53,8,52.81,Thriller,Desktop,6,4.2,0,0.23,11.62,0.063,2.52,5273,5536,5912,24-10-2025,0,Thriller;Kids
200817,30,Male,India,English,Basic,23-10-2021,3.99,37.97,3,53.3,Comedy,Mobile,5,3.78,3,-0.72,16.09,0.113,9.09,5930,5046,5685,11-11-2025,0,Comedy;Horror
200818,18,Male,India,Spanish,Standard,02-05-2020,7.99,103.04,2,29.25,Drama,TV,6,4.95,2,0.71,12.1,0.109,37.38,5873,5628,5081,16-10-2025,0,Drama;Documentary
200819,26,Male,India,Spanish,Standard,31-01-2022,7.99,49.29,5,37.53,Documentary,Mobile,5,4.22,2,1,13.29,0.049,8.52,5825,5539,5932,25-10-2025,0,Documentary;Thriller
200820,24,Female,India,English,Free,10-05-2022,0,46.32,5,20.71,Romance,Desktop,6,4.18,4,1,22.35,0.18,8.52,5854,5607,5275,15-10-2025,0,Romance;Documentary
200821,26,Male,Canada,Spanish,Premium,01-06-2024,12.99,62.72,7,43.25,Drama,TV,3,3.77,1,-0.6,11.85,0.173,6.88,5507,5879,5388,27-10-2025,0,Drama;Comedy
200822,34,Female,India,French,Standard,05-03-2020,7.99,168.12,10,50.53,Thriller,TV,5,4.32,3,0.15,8.81,0.006,14.43,5132,5435,5827,21-10-2025,0,Thriller;Drama
200823,40,Male,India,Telugu,Basic,14-04-2023,3.99,118.32,7,35.4,Thriller,Mobile,8,3.61,2,0.03,14.64,0.001,15.8,5711,5611,5345,09-11-2025,0,Thriller;Thriller
200824,45,Male,India,Telugu,Free,30-08-2021,0,21.43,6,28.33,Action,Mobile,6,3.97,6,-0.04,1.71,0.003,2.6,5325,5628,5219,08-11-2025,0,Action;Romance
200825,45,Female,USA,English,Free,16-06-2024,0,27.81,6,38.6,Kids,TV,4,3.25,2,0.22,1.69,0.047,4.4,5351,5276,5652,08-11-2025,0,Kids;Thriller
200826,45,Female,USA,Hindi,Free,05-03-2022,0,12.07,5,39.17,Thriller,TV,4,4.42,1,1,11.2,0.124,1.72,5083,5848,5063,10-11-2025,0,Thriller;Horror
200827,24,Male,India,English,Free,27-04-2022,0,58.91,1,35.81,Thriller,Mobile,2,3.97,1,0.26,6.4,0.167,27.39,5964,5508,5440,29-10-2025,0,Thriller;Kids
200828,26,Male,India,English,Standard,02-06-2022,7.99,116.6,7,36.79,Drama,Tablet,6,4.99,1,-0.07,8.35,0.03,13.04,5818,5095,5027,10-11-2025,0,Drama;Action
200829,24,Male,India,French,Basic,09-02-2024,3.99,39.31,6,33.26,Drama,Desktop,10,5,4,0.38,17.61,0.03,4.63,5126,5711,5708,11-11-2025,0,Drama;Action
200830,36,Female,India,English,Basic,01-08-2023,3.99,73.13,5,44.96,Drama,Mobile,5,4.26,2,-0.59,15.16,0.111,11.07,5214,5146,5381,28-10-2025,0,Drama;Romance
200831,40,Female,USA,Tamil,Premium,28-04-2025,12.99,63.65,9,42.36,Drama,Desktop,3,3.84,4,-0.23,11.54,0.031,7.41,5835,5904,5664,19-10-2025,0,Drama;Horror
200832,24,Male,USA,Telugu,Standard,07-02-2024,7.99,53.21,4,25.17,Romance,Mobile,7,3.23,4,0.79,12.5,0.077,8.63,5727,5667,5977,28-10-2025,0,Romance;Romance
200833,22,Female,India,Telugu,Premium,19-04-2020,12.99,145.95,9,24.89,Romance,Mobile,6,4.34,0,0.31,9.45,0.203,11.77,5964,5782,5764,25-10-2025,0,Romance;Comedy
200834,20,Female,India,French,Free,11-07-2020,0,14.77,3,32.46,Drama,Mobile,5,3.93,1,1,17.1,0.009,3.99,5750,5402,5248,02-11-2025,0,Drama;Comedy
200835,20,Female,Australia,English,Basic,03-02-2022,3.99,57.4,5,42.37,Documentary,Mobile,6,4.12,1,0.36,16.76,0.09,9.06,5600,5833,5154,21-10-2025,0,Documentary;Documentary
200836,22,Female,India,English,Standard,04-03-2025,7.99,33.9,9,36.48,Drama,TV,1,4.84,3,-0.55,17.95,0.05,3.02,5896,5504,5210,05-11-2025,0,Drama;Kids
200837,32,Male,USA,English,Free,21-05-2021,0,96.6,5,28.57,Comedy,Mobile,5,3.31,2,-0.75,17.67,0.25,16.16,5955,5415,5022,28-09-2025,0,Comedy;Action
200838,19,Male,India,English,Free,17-10-2025,0,29.62,2,37.62,Drama,TV,4,3.25,4,0.8,12.32,0.001,8.95,5462,5276,5582,11-09-2025,1,Drama;Drama
200839,32,Male,India,English,Standard,03-04-2024,7.99,54.2,9,31.69,Comedy,TV,9,3.66,1,-0.42,7.81,0.123,5.19,5625,5326,5019,26-10-2025,0,Comedy;Comedy
200840,18,Male,India,English,Standard,22-11-2023,7.99,52.03,6,43.8,Comedy,TV,9,4.29,1,-0.48,11,0.065,8.07,5105,5256,5509,01-11-2025,0,Comedy;Drama
200841,50,Female,India,Tamil,Basic,13-11-2021,3.99,16.19,4,38.33,Thriller,Mobile,6,4.13,4,-0.11,12.7,0.22,2.74,5371,5557,5613,03-11-2025,0,Thriller;Documentary
200842,18,Female,Australia,Hindi,Basic,07-04-2023,3.99,14.42,5,31.85,Comedy,Desktop,9,3.26,5,0.8,7.96,0.283,2.85,5063,5513,5674,30-10-2025,0,Comedy;Action
200843,24,Male,India,English,Basic,03-11-2020,3.99,104.77,4,37.32,Horror,Mobile,7,4.25,2,-0.02,21.78,0.057,17.12,5963,5147,5651,24-10-2025,0,Horror;Comedy
200844,26,Male,India,Hindi,Free,27-02-2024,0,14.07,8,48.15,Drama,Mobile,2,3.08,2,-0.3,21.81,0.002,1.76,5751,5295,5888,24-08-2025,1,Drama;Drama
200845,26,Male,India,English,Basic,21-07-2022,3.99,28.3,5,29.3,Drama,Mobile,3,3.3,2,0.93,11.28,0.126,5.14,5469,5375,5600,10-11-2025,0,Drama;Documentary
200846,20,Female,India,English,Free,18-02-2021,0,28.8,5,39.03,Drama,Mobile,4,3.73,1,0.83,18.19,0.04,4.38,5026,5667,5429,09-11-2025,0,Drama;Drama
200847,28,Male,India,Tamil,Free,17-12-2020,0,29.95,4,34.3,Action,Desktop,5,3.47,4,1,15.36,0.094,5.08,5640,5056,5037,11-11-2025,0,Action;Comedy
200848,32,Female,India,Hindi,Premium,03-09-2025,12.99,82.23,3,39.27,Drama,Mobile,8,4.33,2,1,9.02,0.023,23.46,5001,5912,5407,10-11-2025,0,Drama;Romance
200849,36,Male,UK,Tamil,Standard,22-07-2025,7.99,92.32,6,28.45,Documentary,TV,4,3.97,1,0.84,14.47,0.246,14.14,5094,5974,5424,08-11-2025,0,Documentary;Documentary
200850,40,Male,India,English,Standard,01-11-2025,7.99,147.06,8,36.1,Thriller,Mobile,4,4.86,3,-0.25,7.35,0.214,14.97,5883,5226,5683,30-10-2025,0,Thriller;Horror
200851,34,Other,India,Telugu,Basic,04-05-2025,3.99,42.08,9,46.08,Thriller,Mobile,4,3.65,1,0.6,6.72,0.011,3.39,5452,5519,5772,05-11-2025,0,Thriller;Documentary
200852,30,Female,Canada,Hindi,Basic,03-01-2025,3.99,8.89,13,25.63,Thriller,Tablet,3,3.73,1,0.93,14.86,0.007,0.75,5974,5020,5338,28-10-2025,0,Thriller;Thriller
200853,26,Male,India,Hindi,Basic,08-11-2025,3.99,62.41,5,21.71,Drama,TV,2,4.53,3,1,14.93,0.014,10,5914,5159,5990,05-11-2025,0,Drama;Romance
200854,40,Female,Canada,Hindi,Free,09-04-2025,0,29.99,5,22.09,Drama,Mobile,5,3.75,1,0.3,28.16,0.14,4.35,5012,5470,5271,03-11-2025,0,Drama;Documentary
200855,30,Female,India,Telugu,Free,03-10-2025,0,22.52,4,23.29,Comedy,Mobile,9,4.7,0,-0.1,11.07,0.144,5.25,5678,5852,5997,10-11-2025,0,Comedy;Thriller
200856,40,Female,Canada,Hindi,Standard,26-05-2023,7.99,38.19,7,40.95,Action,Mobile,6,4.12,1,-0.33,8.83,0.033,4.5,5298,5591,5919,28-10-2025,0,Action;Drama
200857,24,Male,USA,Hindi,Standard,28-03-2022,7.99,164.52,4,20.94,Drama,Mobile,3,2.39,4,0.79,17.54,0.005,32.42,5420,5921,5767,28-10-2025,0,Drama;Comedy
200858,30,Female,UAE,French,Standard,31-10-2022,7.99,57.53,5,32.02,Drama,TV,4,4.51,2,-0.2,11.85,0.073,10.35,5784,5366,5652,08-11-2025,0,Drama;Documentary
200859,34,Male,Australia,Tamil,Basic,01-01-2022,3.99,21.1,10,41.18,Horror,TV,3,4.35,0,0.26,8.11,0.108,2.16,5961,5001,5580,08-11-2025,0,Horror;Action
200860,40,Female,India,English,Premium,09-04-2021,12.99,104.65,1,39.17,Drama,Mobile,4,4.37,3,-0.33,8.49,0.032,43.96,5579,5913,5580,09-11-2025,0,Drama;Comedy
200861,22,Male,Australia,Hindi,Free,22-08-2023,0,67.67,5,31.14,Romance,Desktop,3,2.65,3,0.1,10.92,0.024,13.08,5167,5848,5948,26-10-2025,0,Romance;Romance
200862,34,Male,India,English,Basic,08-04-2022,3.99,17.11,7,36.91,Romance,Mobile,5,3.4,4,0.46,18.33,0.006,2.51,5254,5229,5681,29-10-2025,0,Romance;Thriller
200863,30,Male,India,English,Basic,21-10-2024,3.99,103.85,4,36.07,Comedy,Mobile,6,3.45,2,0.36,14.59,0.041,18.77,5867,5725,5617,02-11-2025,0,Comedy;Comedy
200864,34,Female,India,Hindi,Standard,07-08-2023,7.99,17,3,32.76,Drama,Mobile,8,3.3,2,0.64,7,0.222,4.25,5765,5283,5462,09-11-2025,0,Drama;Thriller
200865,40,Male,India,Spanish,Premium,29-05-2025,12.99,88.16,4,32.89,Drama,TV,2,4.85,3,-0.62,23.01,0.02,20.16,5758,5760,5315,10-11-2025,0,Drama;Romance
200866,19,Female,India,Spanish,Basic,14-01-2022,3.99,74.63,1,57.35,Action,Mobile,6,3.79,1,0.13,6.56,0.187,37.13,5571,5119,5058,11-11-2025,0,Action;Romance
200867,40,Female,USA,English,Premium,06-11-2021,12.99,42.78,5,43.09,Action,Mobile,4,3.78,3,-0.08,7.58,0.296,7.08,5975,5891,5376,11-11-2025,0,Action;Comedy
200868,40,Male,India,Hindi,Standard,25-05-2024,7.99,20.33,4,59.81,Romance,Mobile,5,4.13,1,-0.39,19,0.005,4.26,5294,5227,5699,10-09-2025,1,Romance;Horror
200869,24,Female,UK,English,Basic,11-11-2024,3.99,30.44,9,30.03,Kids,Mobile,5,4.14,2,-0.25,20.99,0.009,3.37,5144,5024,5456,10-11-2025,0,Kids;Documentary
200870,32,Male,UAE,French,Basic,07-02-2023,3.99,108.16,8,34.15,Action,Desktop,7,1.8,3,-0.34,14.12,0.151,12.81,5209,5702,5407,03-11-2025,0,Action;Action
200871,22,Female,India,French,Basic,18-08-2020,3.99,60.07,4,21.68,Drama,Mobile,7,3.41,3,0.41,4.26,0.135,12.62,5226,5308,5385,07-11-2025,0,Drama;Documentary
200872,36,Male,India,Hindi,Premium,14-11-2020,12.99,23.05,8,26.9,Drama,Mobile,6,2.95,0,0.44,12.58,0.048,2.43,5458,5307,5056,06-11-2025,0,Drama;Kids
200873,26,Female,India,Telugu,Basic,31-12-2020,3.99,138.16,1,54.02,Documentary,TV,5,4.04,2,0.73,3.8,0.074,72.67,5907,5962,5459,02-11-2025,0,Documentary;Action
200874,18,Female,India,Hindi,Standard,28-07-2020,7.99,38.85,3,29.78,Drama,Desktop,2,3.63,2,0.4,26.91,0.021,8.17,5284,5569,5475,02-09-2025,1,Drama;Horror
200875,32,Female,India,Hindi,Basic,28-10-2020,3.99,52.76,6,54.19,Drama,Desktop,0,3.81,2,0.3,13.72,0.001,7.26,5603,5494,5516,01-11-2025,0,Drama;Thriller
200876,18,Female,India,English,Standard,11-12-2024,7.99,104.89,8,22.57,Romance,Mobile,4,2.55,1,0.25,16.81,0.019,10.2,5486,5508,5797,08-11-2025,0,Romance;Comedy
200877,24,Female,India,English,Basic,23-03-2025,3.99,72.35,6,24.47,Comedy,Mobile,4,3.61,1,0.61,9.78,0.007,10.49,5978,5311,5017,26-10-2025,0,Comedy;Drama
200878,22,Female,Australia,Hindi,Standard,30-01-2021,7.99,42.43,7,31.59,Kids,Mobile,2,4.47,0,-1,22.83,0.018,4.8,5111,5821,5433,18-10-2025,0,Kids;Romance
200879,45,Female,USA,Hindi,Standard,17-01-2020,7.99,82.37,5,34.36,Action,Mobile,5,4.65,1,0.16,8.99,0.114,13.76,5752,5089,5979,08-11-2025,0,Action;Documentary
200880,40,Female,India,English,Standard,26-08-2025,7.99,78.23,4,44.23,Drama,Desktop,8,4.23,4,0.39,6.85,0.082,17.38,5350,5275,5237,11-11-2025,0,Drama;Thriller
200881,45,Male,USA,French,Premium,21-12-2021,12.99,84.46,4,39.51,Kids,Mobile,5,3,3,1,13.83,0.04,16.45,5333,5621,5307,21-08-2025,1,Kids;Romance
200882,45,Female,India,English,Free,06-04-2020,0,96.02,5,30.84,Comedy,Mobile,7,4.56,3,-0.47,17.28,0.016,14.2,5080,5653,5762,17-10-2025,0,Comedy;Thriller
200883,50,Female,India,Hindi,Standard,02-10-2024,7.99,33.19,4,33.67,Comedy,Mobile,7,4.23,4,-0.49,24.77,0.056,5.9,5386,5797,5433,11-11-2025,0,Comedy;Comedy
200884,20,Female,USA,Hindi,Free,31-12-2023,0,12.91,2,31.81,Comedy,Mobile,6,3.73,1,-1,21.69,0.043,5,5404,5480,5024,11-11-2025,0,Comedy;Thriller
200885,45,Male,India,Hindi,Basic,19-01-2024,3.99,60.29,8,25.85,Drama,TV,6,2.58,4,-0.63,19.17,0.009,7.45,5716,5902,5300,26-10-2025,0,Drama;Thriller
200886,26,Female,India,Hindi,Standard,30-08-2022,7.99,85.99,6,26.12,Thriller,Mobile,5,4.37,1,0.11,7.89,0.016,10.01,5989,5888,5628,08-11-2025,0,Thriller;Kids
200887,19,Male,Australia,English,Basic,02-12-2024,3.99,70.99,6,45.28,Drama,Mobile,5,3.44,2,-0.23,7.76,0.074,11.94,5750,5457,5238,18-10-2025,0,Drama;Drama
200888,20,Female,Canada,English,Standard,24-01-2024,7.99,21.49,5,16.72,Comedy,Mobile,4,4.01,2,-0.25,6.73,0.114,3.03,5328,5756,5681,09-11-2025,0,Comedy;Thriller
200889,24,Male,USA,Hindi,Premium,28-10-2020,12.99,116.34,6,51.17,Comedy,Mobile,10,3.84,0,0.21,11.1,0.141,17.64,5294,5897,5825,23-10-2025,0,Comedy;Action
200890,32,Female,USA,Hindi,Free,21-08-2022,0,4.84,4,31.57,Romance,Mobile,2,4.72,2,0.55,1,0.051,0.99,5494,5920,5492,12-09-2025,1,Romance;Thriller
200891,19,Other,USA,English,Standard,09-03-2020,7.99,44.86,4,27.27,Romance,TV,8,3.72,2,0.21,20.19,0.002,7.35,5184,5586,5952,08-11-2025,0,Romance;Thriller
200892,34,Male,India,Hindi,Basic,12-02-2025,3.99,20.56,2,42.4,Drama,Mobile,2,3.79,2,0.22,5.85,0.172,6.29,5212,5355,5288,06-10-2025,0,Drama;Comedy
200893,30,Female,India,English,Free,03-07-2021,0,72.06,4,49.85,Comedy,TV,4,4.75,1,0.44,5.11,0.023,16,5251,5262,5415,09-11-2025,0,Comedy;Thriller
200894,50,Male,India,Hindi,Free,02-03-2025,0,12.71,4,46.18,Comedy,Desktop,7,3.41,4,-0.9,9.57,0.101,2.35,5739,5176,5753,10-11-2025,0,Comedy;Kids
200895,19,Female,India,Telugu,Premium,22-12-2023,12.99,104.61,4,40.02,Drama,Desktop,3,4.29,3,0.28,3.95,0.005,20.76,5167,5404,5400,23-10-2025,0,Drama;Drama
200896,36,Female,India,English,Premium,10-12-2020,12.99,11.58,4,45.87,Romance,Desktop,6,3.68,3,0.16,15.87,0.167,2.5,5543,5230,5416,10-11-2025,0,Romance;Horror
200897,45,Female,India,English,Premium,25-04-2021,12.99,18.2,4,17.84,Romance,Mobile,10,3.2,3,0.2,6.2,0.017,3.02,5848,5588,5876,10-11-2025,0,Romance;Comedy
200898,24,Female,Australia,Tamil,Premium,21-03-2020,12.99,47.83,8,29.78,Drama,Mobile,5,3.8,4,-0.15,15.01,0.01,6.02,5663,5323,5810,08-11-2025,0,Drama;Horror
200899,28,Female,Canada,Hindi,Basic,27-10-2022,3.99,12.73,5,25.89,Comedy,Mobile,4,4.22,0,0.08,17.55,0.054,1.73,5162,5695,5890,01-11-2025,0,Comedy;Kids
200900,30,Male,UK,Hindi,Basic,10-11-2025,3.99,40.94,5,47.25,Drama,Desktop,4,4.61,3,0.44,8.7,0,6.17,5608,5786,5802,30-10-2025,0,Drama;Romance
200901,18,Male,India,Telugu,Standard,06-11-2020,7.99,52.53,4,31.17,Action,Tablet,7,4.68,2,1,7.7,0.185,11.61,5273,5277,5483,22-08-2025,1,Action;Horror
200902,26,Female,UAE,Telugu,Basic,20-02-2024,3.99,16.52,5,43.45,Drama,Desktop,4,3.62,4,-0.81,7.19,0.111,3.21,5875,5739,5251,04-11-2025,0,Drama;Action
200903,18,Female,India,French,Basic,26-09-2025,3.99,46.56,5,40.36,Horror,Mobile,1,3.21,1,0.54,5.51,0.072,8.57,5536,5960,5677,07-11-2025,0,Horror;Action
200904,19,Female,UK,Hindi,Basic,11-05-2025,3.99,6.92,6,26.38,Romance,Desktop,4,3.61,1,0.93,9.48,0.479,0.88,5419,5677,5400,08-09-2025,1,Romance;Horror
200905,18,Female,India,English,Standard,16-05-2020,7.99,216.81,7,29.13,Comedy,Mobile,2,3.09,1,-0.56,12.4,0.171,32.37,5630,5275,5853,24-10-2025,0,Comedy;Horror
200906,36,Male,UK,English,Standard,30-03-2022,7.99,133.91,8,47.94,Thriller,Mobile,12,3.67,2,0.09,3.7,0.016,14.36,5407,5217,5141,30-10-2025,0,Thriller;Romance
200907,24,Female,India,English,Free,09-07-2024,0,14.97,6,27.25,Kids,Mobile,4,3.6,3,0.37,8.15,0.01,2.03,5392,5824,5378,19-10-2025,0,Kids;Thriller
200908,34,Male,UAE,Hindi,Basic,25-11-2021,3.99,76.88,12,36.25,Thriller,Mobile,7,4.24,2,1,12.95,0.195,6.78,5438,5190,5120,09-10-2025,0,Thriller;Drama
200909,32,Female,Canada,English,Standard,20-07-2024,7.99,75.25,4,27.17,Drama,Mobile,8,2.48,1,1,12.21,0.204,12.44,5087,5018,5338,08-11-2025,0,Drama;Drama
200910,26,Male,India,Spanish,Standard,22-05-2021,7.99,75.63,2,31.86,Comedy,Mobile,6,3.36,1,-0.56,1,0.301,25.78,5405,5744,5450,04-11-2025,0,Comedy;Drama
200911,36,Male,India,Hindi,Basic,03-09-2024,3.99,15.95,4,34.54,Documentary,Mobile,8,3.36,0,0.02,15.8,0.159,3.78,5275,5414,5888,02-11-2025,0,Documentary;Drama
200912,36,Male,Australia,Hindi,Standard,19-09-2021,7.99,21.53,3,27.17,Action,TV,4,4.51,3,0.32,19.43,0.119,4.52,5415,5184,5161,10-11-2025,0,Action;Kids
200913,18,Male,India,English,Free,20-08-2023,0,13.7,9,25.4,Action,Desktop,1,3.13,5,0.53,8.56,0.019,1.39,5562,5618,5105,11-11-2025,0,Action;Thriller
200914,45,Female,UAE,English,Basic,24-07-2025,3.99,59.07,8,37.86,Documentary,TV,3,3.94,1,0.32,1.59,0.106,5.6,5327,5243,5850,22-10-2025,0,Documentary;Romance
200915,18,Male,USA,English,Standard,16-05-2020,7.99,38.1,8,26.55,Kids,Mobile,4,3.72,3,-0.37,7.41,0.076,4.89,5112,5426,5092,04-11-2025,0,Kids;Horror
200916,19,Male,India,English,Standard,05-05-2024,7.99,23.66,6,26.89,Kids,Desktop,4,4.43,2,-0.4,7.24,0.115,3.5,5792,5053,5485,03-11-2025,0,Kids;Kids
200917,32,Male,India,English,Basic,01-09-2023,3.99,88.91,11,25.61,Drama,Desktop,5,4.16,0,-0.72,19.2,0.092,6.62,5302,5226,5419,03-11-2025,0,Drama;Kids
200918,20,Male,India,Hindi,Standard,08-07-2023,7.99,22.67,3,34.22,Thriller,Mobile,6,3.87,3,-1,5.44,0.107,5.23,5136,5714,5421,28-10-2025,0,Thriller;Romance
200919,18,Male,UK,Spanish,Standard,14-09-2020,7.99,73.1,3,44.44,Romance,Mobile,7,3.47,2,-0.74,9.85,0.207,18.4,5333,5598,5716,10-11-2025,0,Romance;Horror
200920,24,Male,India,Spanish,Standard,21-07-2020,7.99,31.11,2,50.07,Romance,Mobile,7,2.69,1,0.9,22.07,0.005,11.3,5003,5562,5552,02-11-2025,0,Romance;Action
200921,28,Female,India,Hindi,Standard,17-10-2021,7.99,14.54,6,27.74,Action,Mobile,2,3.95,1,0.63,12.97,0.154,2.07,5162,5895,5904,05-11-2025,0,Action;Romance
200922,26,Female,India,English,Standard,17-10-2023,7.99,132.58,4,56.5,Drama,TV,6,4.12,2,0.53,13.17,0.1,23.22,5512,5772,5054,20-10-2025,0,Drama;Drama
200923,40,Female,USA,Telugu,Basic,02-02-2024,3.99,14.51,14,24.95,Romance,Desktop,6,2.86,3,0.07,11.39,0.021,1.05,5077,5319,5601,04-11-2025,0,Romance;Thriller
200924,18,Male,UAE,Spanish,Free,12-11-2024,0,69.29,3,45.84,Romance,Mobile,4,3.06,2,0.18,17.87,0.059,14.68,5185,5707,5647,15-08-2025,1,Romance;Kids
200925,24,Male,Australia,English,Basic,23-08-2024,3.99,38.27,5,27.78,Drama,Desktop,6,3.95,1,0.04,14.42,0.073,7.17,5886,5369,5514,07-11-2025,0,Drama;Comedy
200926,24,Female,India,Tamil,Basic,22-11-2021,3.99,40.83,8,26.29,Thriller,Desktop,8,4,4,-0.75,23.12,0.06,4.35,5570,5248,5097,08-10-2025,0,Thriller;Comedy
200927,26,Female,UAE,English,Standard,10-06-2025,7.99,104.39,8,27.55,Drama,Desktop,6,3.21,1,0.59,23.78,0.19,12.31,5480,5568,5568,23-08-2025,1,Drama;Drama
200928,20,Male,UK,Telugu,Standard,19-04-2021,7.99,92.48,7,34.48,Comedy,Mobile,2,3.46,5,0.71,13.88,0.051,10.84,5163,5177,5993,03-11-2025,0,Comedy;Documentary
200929,24,Male,USA,French,Basic,09-08-2025,3.99,51.8,6,40.8,Drama,Desktop,3,2.7,2,-0.49,11.78,0.075,7.9,5021,5476,5872,07-11-2025,0,Drama;Action
200930,28,Male,Canada,English,Free,28-09-2021,0,20.89,8,41.7,Comedy,Mobile,9,4.63,0,-0.49,12.98,0.041,2.68,5577,5662,5636,07-11-2025,0,Comedy;Horror
200931,24,Male,India,Spanish,Basic,02-10-2022,3.99,62.55,4,25.56,Thriller,Mobile,6,3.02,1,0.41,8.6,0.033,13.52,5578,5908,5185,28-10-2025,0,Thriller;Horror
200932,24,Male,India,Hindi,Basic,12-02-2020,3.99,71.48,9,25.1,Action,Mobile,8,4.13,2,0.41,12.8,0.158,7.64,5953,5945,5433,03-11-2025,0,Action;Kids
200933,24,Female,UAE,French,Standard,30-04-2020,7.99,12.69,8,25.83,Action,Mobile,3,3.78,3,0.64,3.35,0.051,1.56,5298,5013,5471,06-11-2025,0,Action;Comedy
200934,34,Female,India,English,Free,03-02-2021,0,28.49,4,33.89,Documentary,TV,5,4.57,2,1,7.73,0.131,5.7,5299,5361,5965,01-11-2025,0,Documentary;Documentary
200935,34,Female,UAE,Telugu,Standard,26-02-2024,7.99,3.91,6,32.9,Drama,Mobile,9,3.32,0,-0.43,16.72,0.095,0.5,5282,5289,5125,29-10-2025,0,Drama;Drama
200936,20,Female,Canada,English,Premium,21-12-2020,12.99,103.07,10,25.5,Drama,Mobile,5,3.84,0,0.15,15.23,0.013,10.55,5963,5431,5334,11-11-2025,0,Drama;Kids
200937,18,Female,India,English,Free,13-08-2022,0,10.58,6,37.7,Documentary,Mobile,2,2.78,2,-0.4,11.24,0.122,1.6,5472,5576,5264,11-11-2025,0,Documentary;Kids
200938,24,Female,Canada,English,Basic,11-04-2022,3.99,59.88,9,57.63,Drama,TV,7,2.64,1,-0.36,14.51,0.135,5.54,5410,5339,5852,11-11-2025,0,Drama;Kids
200939,50,Female,India,French,Free,13-03-2022,0,26.13,2,29.95,Horror,Mobile,2,4.16,2,-0.06,21.04,0.006,7.93,5392,5617,5191,10-09-2025,1,Horror;Horror
200940,32,Male,India,Telugu,Standard,25-09-2021,7.99,75.1,4,30.66,Documentary,Desktop,2,2.73,2,1,9.69,0.062,15.02,5687,5913,5850,06-11-2025,0,Documentary;Thriller
200941,50,Male,USA,Telugu,Standard,10-02-2023,7.99,162.64,8,40.6,Thriller,Mobile,6,3.66,2,0.86,3.39,0.43,15.96,5165,5751,5727,26-10-2025,0,Thriller;Comedy
200942,18,Male,Canada,Spanish,Basic,24-08-2020,3.99,18.63,6,29.41,Horror,Mobile,5,4.41,0,0.16,15.76,0.137,3.06,5968,5034,5221,07-11-2025,0,Horror;Drama
200943,20,Female,India,English,Standard,07-01-2023,7.99,52.73,4,41.69,Drama,Mobile,7,4.25,0,-1,15.22,0.029,11.76,5082,5324,5199,11-11-2025,0,Drama;Comedy
200944,45,Female,India,English,Premium,11-05-2025,12.99,81.29,4,27.81,Comedy,Mobile,6,3.4,2,0.44,16.56,0.038,15.01,5658,5551,5344,05-11-2025,0,Comedy;Thriller
200945,45,Male,USA,English,Basic,19-06-2022,3.99,12.87,6,53.32,Action,Mobile,5,2.85,2,0.42,4.82,0.025,1.51,5716,5456,5174,16-09-2025,0,Action;Romance
200946,22,Female,UK,English,Free,07-12-2022,0,53.2,8,38.45,Comedy,Mobile,7,4.11,2,-0.36,3,0.021,4.85,5164,5225,5217,07-11-2025,0,Comedy;Horror
200947,50,Male,USA,English,Premium,26-08-2024,12.99,190.05,6,28.8,Kids,Tablet,5,4.61,3,0.7,13.59,0.029,24.95,5104,5641,5206,10-10-2025,0,Kids;Romance
200948,18,Female,India,English,Standard,26-06-2024,7.99,66.99,5,29.11,Drama,TV,5,3.4,1,-0.37,13.17,0.039,9.59,5130,5133,5998,10-11-2025,0,Drama;Thriller
200949,18,Male,India,English,Premium,03-04-2023,12.99,224.47,2,29.86,Thriller,Mobile,9,3.32,4,0.7,9.86,0.056,86,5596,5480,5579,10-11-2025,0,Thriller;Thriller
200950,30,Male,India,English,Standard,01-05-2024,7.99,86.9,8,48.73,Action,Mobile,7,3.49,1,0.34,20.68,0.005,9.35,5120,5552,5373,30-10-2025,0,Action;Romance
200951,19,Male,UAE,English,Standard,26-06-2021,7.99,62.93,6,22.31,Action,Desktop,3,4.14,0,-0.68,11.94,0.22,8.44,5259,5831,5174,06-09-2025,1,Action;Thriller
200952,40,Male,India,English,Basic,27-02-2022,3.99,78.58,5,28.32,Comedy,Mobile,7,4.54,3,-0.02,19.39,0.037,11.62,5104,5897,5078,28-10-2025,0,Comedy;Kids
200953,30,Male,India,French,Standard,10-05-2025,7.99,51.84,10,29.38,Comedy,Mobile,6,3.06,1,0.29,17.27,0.014,5.36,5364,5931,5323,23-10-2025,0,Comedy;Thriller
200954,28,Male,Canada,Tamil,Premium,10-04-2022,12.99,62.12,2,34.84,Documentary,TV,7,2.9,4,0.38,5.46,0.105,23.13,5546,5982,5554,09-11-2025,0,Documentary;Thriller
200955,34,Female,India,French,Standard,22-12-2022,7.99,85.63,10,32.29,Drama,TV,3,5,2,0.82,6.68,0.007,7.42,5894,5221,5576,31-10-2025,0,Drama;Romance
200956,34,Female,Australia,English,Basic,02-05-2023,3.99,141.39,1,20.09,Documentary,Mobile,4,3.69,2,0.89,4.31,0.026,61.35,5369,5401,5384,02-11-2025,0,Documentary;Romance
200957,19,Male,USA,English,Basic,24-08-2022,3.99,18.22,6,31,Thriller,Mobile,7,3.95,3,0.06,14.59,0.283,3.07,5878,5606,5841,23-10-2025,0,Thriller;Documentary
200958,26,Female,UAE,Tamil,Basic,13-04-2021,3.99,12.43,4,34,Romance,Mobile,8,3.38,1,0.54,12.59,0.002,2.3,5686,5611,5437,06-11-2025,0,Romance;Horror
200959,26,Female,India,English,Basic,05-03-2020,3.99,52.66,7,28.72,Romance,TV,5,4.09,3,1,20.1,0.009,7.3,5958,5060,5199,11-11-2025,0,Romance;Horror
200960,20,Male,India,English,Basic,11-02-2024,3.99,4.18,3,41.87,Drama,Mobile,5,4.38,0,-0.41,15.57,0.145,1.03,5326,5641,5602,03-11-2025,0,Drama;Comedy
200961,36,Male,UK,English,Standard,13-05-2025,7.99,41,4,44.19,Thriller,Mobile,5,3.98,2,-0.16,4.21,0.057,9.12,5744,5132,5007,11-10-2025,0,Thriller;Romance
200962,19,Male,UAE,English,Standard,30-08-2022,7.99,54.58,5,34.22,Documentary,Mobile,4,4.84,0,-0.79,9.23,0.261,9.03,5185,5393,5263,11-11-2025,0,Documentary;Comedy
200963,40,Male,UK,English,Basic,09-09-2023,3.99,26.02,5,37.31,Thriller,Mobile,5,3.6,0,-0.18,1,0.01,5.07,5394,5813,5634,09-11-2025,0,Thriller;Kids
200964,18,Female,India,English,Standard,24-06-2025,7.99,140.55,4,13.39,Horror,Desktop,5,3.64,1,0.32,13.76,0.079,31.49,5344,5928,5676,08-11-2025,0,Horror;Kids
200965,26,Male,UK,Hindi,Free,23-07-2024,0,67.33,1,30.79,Thriller,Desktop,3,3.94,1,-1,28.74,0.009,30.44,5530,5581,5628,29-08-2025,1,Thriller;Horror
200966,40,Female,UK,English,Free,06-06-2021,0,94.13,5,45.05,Drama,TV,3,4.08,1,0.46,12.78,0.031,15.25,5417,5014,5525,09-09-2025,1,Drama;Romance
200967,24,Female,USA,English,Free,14-08-2021,0,29.02,7,30.77,Comedy,Mobile,3,3.94,2,-0.08,13.21,0.066,3.05,5231,5435,5963,09-11-2025,0,Comedy;Action
200968,50,Male,UK,Telugu,Standard,28-06-2022,7.99,65.53,11,27.63,Horror,Mobile,3,3.03,1,0.16,11.9,0.025,6.34,5135,5474,5020,01-11-2025,0,Horror;Comedy
200969,50,Female,UAE,English,Basic,21-10-2020,3.99,27.2,7,57.78,Comedy,Mobile,6,3.99,2,-0.5,14.14,0.065,2.81,5045,5151,5713,11-11-2025,0,Comedy;Horror
200970,36,Male,USA,English,Basic,18-09-2025,3.99,87.47,9,53.19,Documentary,Mobile,6,3.58,1,0.14,11.06,0.07,7.06,5624,5686,5821,10-11-2025,0,Documentary;Horror
200971,32,Female,India,Telugu,Basic,01-11-2024,3.99,8.91,5,39.68,Documentary,Tablet,6,3.45,1,1,15.71,0.245,1.48,5492,5470,5254,06-11-2025,0,Documentary;Thriller
200972,18,Male,India,English,Standard,16-05-2025,7.99,41.81,7,46.39,Comedy,Mobile,5,3.82,2,-0.04,7.37,0.049,5.44,5925,5411,5598,07-11-2025,0,Comedy;Action
200973,28,Female,India,English,Free,13-02-2020,0,62.67,5,12.74,Drama,Mobile,3,3.22,1,-1,7.61,0.062,9.29,5595,5345,5180,08-09-2025,1,Drama;Documentary
200974,24,Female,India,English,Standard,07-12-2021,7.99,50.13,4,27.12,Romance,Mobile,6,3.12,1,0.93,4.25,0.009,10.31,5422,5804,5749,10-11-2025,0,Romance;Romance
200975,24,Male,India,English,Standard,25-04-2021,7.99,36.17,6,30.3,Comedy,TV,6,2.23,3,0.53,11.8,0.207,5.98,5551,5196,5353,07-11-2025,0,Comedy;Horror
200976,50,Female,India,Hindi,Standard,09-09-2021,7.99,30.07,4,32.64,Romance,Mobile,5,4.85,1,0.26,5.37,0.122,6.32,5766,5544,5573,27-10-2025,0,Romance;Romance
200977,19,Female,India,Telugu,Premium,10-08-2024,12.99,32.71,5,30.1,Thriller,Mobile,4,4.13,3,0.54,20.72,0.097,5.36,5921,5073,5727,06-11-2025,0,Thriller;Documentary
200978,36,Female,India,English,Free,30-07-2022,0,18.28,4,9.5,Thriller,Mobile,5,3.73,1,0.25,9.41,0.063,3.14,5145,5194,5893,03-11-2025,0,Thriller;Action
200979,20,Female,UAE,Hindi,Free,15-10-2024,0,39.99,1,38.86,Romance,Desktop,6,3.4,2,1,1,0.019,17.35,5317,5938,5215,10-11-2025,0,Romance;Drama
200980,28,Female,Canada,Hindi,Premium,05-03-2023,12.99,74.92,5,40.44,Comedy,Mobile,4,2.07,0,0.65,5.19,0.004,12.41,5563,5562,5358,11-11-2025,0,Comedy;Kids
200981,26,Male,India,English,Basic,26-01-2021,3.99,105,7,51.02,Thriller,Desktop,4,3.36,1,-0.07,12.81,0.062,12.93,5293,5569,5884,21-10-2025,0,Thriller;Thriller
200982,40,Male,Canada,Hindi,Standard,05-05-2023,7.99,13.05,9,27.12,Comedy,Desktop,4,4.23,2,1,15.91,0.15,1.32,5579,5999,5602,08-09-2025,1,Comedy;Comedy
200983,19,Female,India,English,Standard,21-03-2021,7.99,32.34,7,26.3,Comedy,Mobile,6,4.37,1,1,14.12,0.005,4.06,5536,5629,5608,07-11-2025,0,Comedy;Action
200984,26,Male,India,English,Standard,31-01-2022,7.99,18.13,6,8.2,Thriller,TV,4,4.19,0,0.75,7.07,0.137,2.43,5634,5192,5573,21-10-2025,0,Thriller;Comedy
200985,19,Female,India,English,Premium,27-11-2023,12.99,38.2,6,32.06,Romance,Mobile,3,3.9,2,0.44,8.57,0.088,5.88,5466,5430,5568,30-10-2025,0,Romance;Romance
200986,19,Female,India,English,Premium,06-02-2022,12.99,43.02,7,44.01,Comedy,Tablet,4,4.58,2,-0.31,7.87,0.115,4.76,5049,5501,5220,28-10-2025,0,Comedy;Drama
200987,19,Male,UK,English,Standard,28-11-2022,7.99,80.93,3,28.88,Thriller,Mobile,6,3.6,3,0.61,15.4,0.048,23.08,5986,5217,5606,31-10-2025,0,Thriller;Documentary
200988,50,Male,UK,Telugu,Basic,24-09-2021,3.99,63.45,7,56.43,Action,Mobile,4,4.45,1,0.43,12.7,0.045,6.96,5661,5623,5552,10-11-2025,0,Action;Drama
200989,36,Female,India,English,Premium,04-06-2022,12.99,108.11,10,32.43,Comedy,Mobile,3,3.57,1,0.18,9.32,0.014,9.5,5459,5970,5337,11-10-2025,0,Comedy;Comedy
200990,20,Male,India,English,Free,23-09-2024,0,52.09,4,36.47,Comedy,Mobile,6,3.27,2,0.62,8.04,0.015,9.21,5697,5485,5319,19-10-2025,0,Comedy;Documentary
200991,19,Female,India,English,Basic,11-05-2022,3.99,82.53,8,21.37,Kids,Tablet,6,3.2,2,0.25,8.86,0.021,9.6,5762,5601,5953,09-11-2025,0,Kids;Kids
200992,22,Male,India,Tamil,Premium,11-08-2021,12.99,98.15,5,37.87,Romance,Mobile,3,3.16,2,0.53,12.05,0.138,16.21,5425,5360,5760,26-10-2025,0,Romance;Romance
200993,32,Female,India,Hindi,Basic,06-06-2024,3.99,70.61,5,15.21,Thriller,TV,3,4.2,2,0.82,20.04,0.028,11.18,5657,5822,5466,06-11-2025,0,Thriller;Documentary
200994,26,Male,India,Hindi,Basic,28-12-2021,3.99,32.75,9,41.94,Action,Mobile,2,3.35,3,-0.6,13.12,0.091,3.24,5755,5309,5729,01-09-2025,1,Action;Kids
200995,18,Female,UAE,Tamil,Free,13-12-2023,0,7.86,1,42.24,Drama,Desktop,3,3.18,3,-0.41,9.98,0.099,3.81,5877,5669,5900,11-09-2025,1,Drama;Documentary
200996,30,Male,Canada,Telugu,Premium,08-07-2021,12.99,40.58,4,48.59,Action,Mobile,5,4.23,1,-0.35,9.51,0.013,9.27,5870,5421,5154,04-11-2025,0,Action;Drama
200997,40,Female,India,English,Standard,29-01-2024,7.99,144.06,11,24.8,Thriller,Mobile,7,4,1,1,22.21,0.062,10.2,5661,5581,5351,10-11-2025,0,Thriller;Thriller
200998,50,Male,Canada,Hindi,Standard,04-12-2022,7.99,20.89,6,36.61,Thriller,Mobile,3,4.38,3,0.58,16.95,0.014,3.33,5068,5782,5062,04-11-2025,0,Thriller;Romance
200999,28,Female,India,Telugu,Basic,03-06-2023,3.99,29.76,10,40.64,Comedy,TV,3,4.11,3,0.64,17.87,0.12,2.87,5509,5737,5460,09-11-2025,0,Comedy;Action
201000,34,Female,India,French,Standard,06-02-2021,7.99,17.52,2,39.42,Drama,Mobile,6,3.35,2,0.88,16.48,0.213,5.49,5736,5411,5950,05-11-2025,0,Drama;Horror
